Mfr Lead Time,Reach Status,rohs Status,Mfr,CatLevel1,CatLevel2,CatLevel3,Mfr Part No.,Datasheet URI,Datasheet Title,Digikey Product No.,Product Primary ID,Product Variation ID,Product Shipping Form,USD Price Paid,Qantity Bought,Description,Param1 Key,Param1 Value,parameters/1/parameterId,Param 2 Key,Param 2 Value,Param 3 Key,Param 3 Value,parameters/3/parameterId,Param 4 Key,Param 4 Value,Param 5 Key,Param 5 Value,Param 6 Key,Param 6 Value,parameters/6/parameterId,Param 7 Key,Param 7 Value,Param 8 Key,Param 8 Value,Param 9 Key,Param 9 Value,Param 10 Key,Param 10 Value,Param 11 Key,parameters/10/parameterType,Param 11 Value,Param 12 Key,Param 12 Value,Param 13 Key,Param 12 Value,series/id,series/name,productStatus/status,Digikey Product Number (v2)
23,2,Rohs3Compliant,STMicroelectronics,Integrated Circuits (ICs),Embedded,Application Specific Microcontrollers,STSAFA120DFSPL05,https://www.st.com/resource/en/datasheet/stsafe-a120.pdf,STSAFE-A120 Datasheet,497-STSAFA120DFSPL05-ND,26254468,3,Bulk,2.66,1,STSAFE CHIP_EA_MM,Applications,"Authentication, Security",506,Core Processor,-,Program Memory Type,NVM (16kB),282,Controller Series,STSAFE-A,RAM Size,-,Interface,I2C,276,Voltage - Supply,2.7V ~ 5.5V,Operating Temperature,-40°C ~ 105°C (TA),Grade,-,Qualification,-,Mounting Type,String,Surface Mount,Package / Case,8-UFDFN Exposed Pad,Supplier Device Package,8-UFDFPN (2x3),818,-,Active,
12,2,Rohs3Compliant,STMicroelectronics,Integrated Circuits (ICs),Specialized ICs,,STSAFA120S8SPL05,https://www.st.com/resource/en/datasheet/stsafe-a120.pdf,STSAFE-A120 Datasheet,497-STSAFA120S8SPL05TR-ND,26222911,1,Tape & Reel (TR),1.39304,2500,IC AUTHENTICATION CHIP 8-SO,DigiKey Programmable,-,183,Type,Authentication Chip,Applications,-,69,Mounting Type,Surface Mount,Package / Case,"8-SOIC (0.154"", 3.90mm Width)",Supplier Device Package,8-SO,1977,Grade,-,Qualification,-,,,,,,,,,,,,818,-,Active,497-STSAFA120S8SPL05CT-ND
15,1,Rohs3Compliant,Amphenol ICC (FCI),"Connectors, Interconnects",Memory Connectors,PC Card Sockets,7712P0225A25LF,https://cdn.amphenol-cs.com/media/wysiwyg/files/drawing/vjw53666.pdf,7712P0225A25LF,609-7712P0225A25LF-ND,4275092,17,Tray,2.55,1,CONN SMART CARD R/A SMD,Card Type,Smart Card,88,Number of Positions,8,Connector Type,Connector,1261,"Insertion, Removal Method","Push In, Pull Out",Ejector Side,-,Mounting Type,"Surface Mount, Right Angle",5,Features,"Board Guide, Switch",Height Above Board,"0.142"" (3.60mm)",Mounting Feature,"Normal, Standard - Top",Contact Finish,Gold or Gold-Palladium,Contact Finish Thickness,String,-,,,,,54,P,Active,
20,2,Rohs3Compliant,Amphenol ICC (FCI),"Connectors, Interconnects",Memory Connectors,PC Card Sockets,7334L2622F01LF,https://cdn.amphenol-icc.com/media/wysiwyg/files/drawing/vjw54701.pdf,7334L2622F01LF,609-1404-ND,1001718,17,Tray,1.15,1,CONN SMART CARD R/A PCB,Card Type,Smart Card,88,Number of Positions,10 (8 + 2),Connector Type,Connector,1261,"Insertion, Removal Method","Push In, Pull Out",Ejector Side,-,Mounting Type,"Through Hole, Right Angle",5,Features,"Board Guide, Board Lock, Switch",Height Above Board,"0.244"" (6.20mm)",Mounting Feature,"Normal, Standard - Top",Contact Finish,"Gold, GXT™",Contact Finish Thickness,String,-,,,,,23624,L26,Active,
16,2,Rohs3Compliant,Würth Elektronik,"Connectors, Interconnects",Memory Connectors,PC Card Sockets,693010020611,https://www.we-online.com/components/products/datasheet/693010020611.pdf,693010020611  Drawing,732-3814-2-ND,3124578,1,Tape & Reel (TR),0.936,1000,CONN SIM CARD R/A SMD,Card Type,SIM Card,88,Number of Positions,6,Connector Type,Connector,1261,"Insertion, Removal Method","Push In, Pull Out",Ejector Side,-,Mounting Type,"Surface Mount, Right Angle",5,Features,-,Height Above Board,"0.071"" (1.80mm)",Mounting Feature,"Normal, Standard - Top",Contact Finish,Gold,Contact Finish Thickness,String,-,,,,,54684,WR-CRD,Active,732-3814-1-ND
23,2,Rohs3Compliant,STMicroelectronics,Integrated Circuits (ICs),Embedded,Application Specific Microcontrollers,ST33KTPM2X32DKG9,https://www.st.com/resource/en/data_brief/st33ktpm2x.pdf,ST33KTPM2X32DKG9,497-ST33KTPM2X32DKG9TR-ND,24768798,1,Tape & Reel (TR),2.1689,3000,TPM 2.0 DEVICE FOR CONSUMER,Applications,Trusted Platform Module (TPM),506,Core Processor,ARM® SecurCore® SC300,Program Memory Type,-,282,Controller Series,ST33K,RAM Size,-,Interface,"I2C, SPI",2208,Number of I/O,7,Voltage - Supply,"1.8V, 3.3V",Operating Temperature,-40°C ~ 105°C (TA),Grade,-,Qualification,String,-,Mounting Type,Surface Mount,Package / Case,32-UFQFN Exposed Pad,818,-,Active,497-ST33KTPM2X32DKG9CT-ND
20,2,Rohs3Compliant,Alpha & Omega Semiconductor Inc.,Discrete Semiconductor Products,Transistors,"FETs, MOSFETs",AOD424,https://cms.aosmd.com/api/product/1542/combine-support-documents?resources=1793,AOD424,785-1565-2-ND,3152449,1,Tape & Reel (TR),0.2975,2500,MOSFET N-CH 20V 18A/45A TO252,FET Type,N-Channel,570,Technology,MOSFET (Metal Oxide),Drain to Source Voltage (Vdss),20 V,608,Current - Continuous Drain (Id) @ 25°C,"18A (Ta), 45A (Tc)","Drive Voltage (Max Rds On, Min Rds On)","2.5V, 4.5V","Rds On (Max) @ Id, Vgs","4.4mOhm @ 20A, 4.5V",1236,Vgs(th) (Max) @ Id,1.6V @ 250µA,Gate Charge (Qg) (Max) @ Vgs,43 nC @ 10 V,Vgs (Max),±12V,Input Capacitance (Ciss) (Max) @ Vds,4630 pF @ 10 V,FET Feature,String,-,Power Dissipation (Max),"2.5W (Ta), 100W (Tc)",Operating Temperature,-55°C ~ 175°C (TJ),818,-,Active,785-1565-1-ND
2,2,Rohs3Compliant,Chip Quik Inc.,"Soldering, Desoldering, Rework Products","Solder Stencils, Templates",,IPC0014-S,http://www.chipquik.com/datasheets/IPC0014-S.pdf,IPC0014-S,IPC0014-S-ND,3681427,3,Bulk,11.59,1,STENCIL 4X4MM .5MM,Type,QFN/LFCSP,2245,Number of Positions,24,Pitch,"0.020"" (0.50mm)",1728,Outer Dimension,"1.300"" L x 0.900"" W (33.02mm x 22.86mm)",Inner Dimension,"0.157"" L x 0.157"" W (4.00mm x 4.00mm)",Thermal Center Pad,"0.083"" L x 0.083"" W (2.10mm x 2.10mm)",70,Material,Stainless Steel,Thickness,"0.0040"" (0.102mm)",,,,,,,,,,,,70573,Proto-Advantage IPC,Active,
2,2,Rohs3Compliant,Chip Quik Inc.,"Soldering, Desoldering, Rework Products","Solder Stencils, Templates",,PA0094-S,http://www.chipquik.com/datasheets/PA0094-S.pdf,PA0094-S,PA0094-S-ND,3681436,3,Bulk,11.59,1,STENCIL LQFP-48 .5MM,Type,TQFP,2245,Number of Positions,48,Pitch,"0.020"" (0.50mm)",1728,Outer Dimension,"1.300"" L x 0.900"" W (33.02mm x 22.86mm)",Inner Dimension,"0.276"" L x 0.276"" W (7.00mm x 7.00mm)",Thermal Center Pad,-,70,Material,Stainless Steel,Thickness,"0.0040"" (0.102mm)",,,,,,,,,,,,70574,Proto-Advantage PA,Active,
2,2,Rohs3Compliant,Chip Quik Inc.,"Soldering, Desoldering, Rework Products","Solder Stencils, Templates",,IPC0044-S,http://www.chipquik.com/datasheets/IPC0044-S.pdf,IPC0044-S,IPC0044-S-ND,5015093,3,Bulk,11.59,1,QFN-40 STENCIL,Type,QFN/LFCSP,2245,Number of Positions,40,Pitch,"0.016"" (0.40mm)",1728,Outer Dimension,"1.300"" L x 0.900"" W (33.02mm x 22.86mm)",Inner Dimension,"0.197"" L x 0.197"" W (5.00mm x 5.00mm)",Thermal Center Pad,"0.138"" L x 0.138"" W (3.50mm x 3.50mm)",70,Material,Stainless Steel,Thickness,"0.0040"" (0.102mm)",,,,,,,,,,,,70573,Proto-Advantage IPC,Active,
4,4,Rohs3Compliant,Chip Quik Inc.,"Soldering, Desoldering, Rework Products","Solder Stencils, Templates",,FPC050P040-DPT-S,https://www.chipquik.com/datasheets/FPC050P040-DPT-S.pdf,FPC050P040-DPT-S,315-FPC050P040-DPT-S-ND,22592588,3,Bulk,15.09,1,FPC/FFC SMT CONNECTOR STENCIL,Type,FPC/FFC,2245,Number of Positions,40,Pitch,"0.020"" (0.50mm)",1728,Outer Dimension,"1.300"" L x 0.900"" W (33.02mm x 22.86mm)",Inner Dimension,-,Thermal Center Pad,-,70,Material,Stainless Steel,Thickness,"0.0040"" (0.102mm)",,,,,,,,,,,,70571,Proto-Advantage FPC,Active,
2,2,Rohs3Compliant,Chip Quik Inc.,"Soldering, Desoldering, Rework Products","Solder Stencils, Templates",,IPC0079-S,http://www.chipquik.com/datasheets/IPC0079-S.pdf,IPC0079-S,IPC0079-S-ND,5015105,3,Bulk,11.59,1,MSOP-16 STENCIL,Type,MSOP,2245,Number of Positions,16,Pitch,"0.020"" (0.50mm)",1728,Outer Dimension,"1.300"" L x 0.900"" W (33.02mm x 22.86mm)",Inner Dimension,"0.157"" L x 0.118"" W (4.00mm x 3.00mm)",Thermal Center Pad,"0.118"" L x 0.063"" W (3.00mm x 1.60mm)",70,Material,Stainless Steel,Thickness,"0.0040"" (0.102mm)",,,,,,,,,,,,70573,Proto-Advantage IPC,Active,
2,2,Rohs3Compliant,Chip Quik Inc.,"Soldering, Desoldering, Rework Products","Solder Stencils, Templates",,IPC0024-S,http://www.chipquik.com/datasheets/IPC0024-S.pdf,IPC0024-S,IPC0024-S-ND,5015032,3,Bulk,11.59,1,QFN-36 STENCIL,Type,QFN/LFCSP,2245,Number of Positions,36,Pitch,"0.020"" (0.50mm)",1728,Outer Dimension,"1.300"" L x 0.900"" W (33.02mm x 22.86mm)",Inner Dimension,"0.236"" L x 0.236"" W (6.00mm x 6.00mm)",Thermal Center Pad,"0.161"" L x 0.161"" W (4.10mm x 4.10mm)",70,Material,Stainless Steel,Thickness,"0.0040"" (0.102mm)",,,,,,,,,,,,70573,Proto-Advantage IPC,Active,
2,2,Rohs3Compliant,Chip Quik Inc.,"Soldering, Desoldering, Rework Products","Solder Stencils, Templates",,IPC0020-S,http://www.chipquik.com/datasheets/IPC0020-S.pdf,IPC0020-S,IPC0020-S-ND,3681423,3,Bulk,11.59,1,STENCIL 5X5 MM .5MM,Type,QFN/LFCSP,2245,Number of Positions,32,Pitch,"0.020"" (0.50mm)",1728,Outer Dimension,"1.300"" L x 0.900"" W (33.02mm x 22.86mm)",Inner Dimension,"0.197"" L x 0.197"" W (5.00mm x 5.00mm)",Thermal Center Pad,"0.122"" L x 0.122"" W (3.10mm x 3.10mm)",70,Material,Stainless Steel,Thickness,"0.0040"" (0.102mm)",,,,,,,,,,,,70573,Proto-Advantage IPC,Active,
2,2,Rohs3Compliant,Chip Quik Inc.,"Soldering, Desoldering, Rework Products","Solder Stencils, Templates",,PA0001-S,http://www.chipquik.com/datasheets/PA0001-S.pdf,PA0001-S Datasheet,PA0001-S-ND,5014859,3,Bulk,11.59,1,SOIC-8 STENCIL,Type,SOIC,2245,Number of Positions,8,Pitch,"0.050"" (1.27mm)",1728,Outer Dimension,"1.300"" L x 0.900"" W (33.02mm x 22.86mm)",Inner Dimension,-,Thermal Center Pad,-,70,Material,Stainless Steel,Thickness,"0.0040"" (0.102mm)",,,,,,,,,,,,70574,Proto-Advantage PA,Active,
4,2,Rohs3Compliant,Chip Quik Inc.,"Soldering, Desoldering, Rework Products","Soldering, Desoldering, Rework Accessories",,SS-METAL-0.2-68X36,http://www.chipquik.com/datasheets/SS-METAL-0.2-68X36.pdf,SS-METAL-0.2-68X36,315-SS-METAL-0.2-68X36-ND,16896798,3,Bulk,9.95,1,STAINLESS STEEL SOLDER PASTE SQU,Accessory Type,Stencil Squeegee,47,For Use With/Related Products,"Boards, Stencils",Shelf Life,-,2320,Shelf Life Start,-,Storage/Refrigeration Temperature,-,,,,,,,,,,,,,,,,,,,818,-,Active,
4,2,Rohs3Compliant,Chip Quik Inc.,Kits,"Prototyping Boards, Fabrication Kits",,ADAPT_COMBO,http://www.chipquik.com/datasheets/ADAPT_COMBO.pdf,ADAPT_COMBO,ADAPT_COMBO-ND,5978215,3,Bulk,9.49,1,SMT ADAPTER VALUE PACK,Kit Type,"Adapter, Breakout Boards",168,Quantity,5 Pieces (5 Values - 1 Each),Specifications,SMD to DIP,,,,,,,,,,,,,,,,,,,,,,,,53106,Proto-Advantage,Active,
4,2,Rohs3Compliant,Microchip Technology,Integrated Circuits (ICs),Embedded,Microcontrollers,ATTINY13A-SSU,https://ww1.microchip.com/downloads/en/DeviceDoc/ATtiny13A-Data-Sheet-DS40002307A.pdf,ATtiny13A Datasheet,ATTINY13A-SSU-ND,1914672,6,Tube,0.75,1,IC MCU 8BIT 1KB FLASH 8SOIC,DigiKey Programmable,Verified,506,Core Processor,AVR,Core Size,8-Bit,143,Speed,20MHz,Connectivity,-,Peripherals,"Brown-out Detect/Reset, POR, PWM, WDT",2208,Number of I/O,6,Program Memory Size,1KB (512 x 16),Program Memory Type,FLASH,EEPROM Size,64 x 8,RAM Size,String,64 x 8,Voltage - Supply (Vcc/Vdd),1.8V ~ 5.5V,Data Converters,A/D 4x10b,22386,AVR® ATtiny,Active,
7,2,Rohs3Compliant,Microchip Technology,Integrated Circuits (ICs),Embedded,Microcontrollers,ATTINY87-XUR,https://ww1.microchip.com/downloads/en/DeviceDoc/ATtiny87-167-DataSheet-DS40002167A.pdf,"ATtiny87,167 Datasheet",ATTINY87-XURTR-ND,2508040,1,Tape & Reel (TR),1.96001,4000,IC MCU 8BIT 8KB FLASH 20TSSOP,DigiKey Programmable,Not Verified,506,Core Processor,AVR,Core Size,8-Bit,143,Speed,16MHz,Connectivity,"I2C, LINbus, SPI, UART/USART, USI",Peripherals,"Brown-out Detect/Reset, POR, PWM, Temp Sensor, WDT",2208,Number of I/O,16,Program Memory Size,8KB (4K x 16),Program Memory Type,FLASH,EEPROM Size,512 x 8,RAM Size,String,512 x 8,Voltage - Supply (Vcc/Vdd),1.8V ~ 5.5V,Data Converters,A/D 11x10b,22386,AVR® ATtiny,Active,ATTINY87-XURCT-ND
6,2,Rohs3Compliant,Texas Instruments,Integrated Circuits (ICs),Logic,Comparators,CD74HC85M96,https://www.ti.com/general/docs/suppproductinfo.tsp?distId=10&gotoUrl=https%3A%2F%2Fwww.ti.com%2Flit%2Fgpn%2Fcd74hc85,"CD54,74HC(T)85",296-9242-2-ND,390311,1,Tape & Reel (TR),0.27349,2500,IC MAG COMPARATOR 4BIT 16-SOIC,Type,Magnitude Comparator,2200,Number of Bits,4,Output,Active High,1554,Output Function,"A<B, A=B, A>B",Voltage - Supply,2V ~ 6V,"Current - Output High, Low","5.2mA, 5.2mA",1552,"Max Propagation Delay @ V, Max CL","33ns @ 6V, 50pF",Current - Quiescent (Iq),8 µA,Operating Temperature,-55°C ~ 125°C,Package / Case,"16-SOIC (0.154"", 3.90mm Width)",Supplier Device Package,String,16-SOIC,Mounting Type,Surface Mount,,,110,74HC,Active,296-9242-1-ND
4,2,Rohs3Compliant,Microchip Technology,Integrated Circuits (ICs),Power Management (PMIC),Voltage Reference,MCP1501T-33E/CHY,https://ww1.microchip.com/downloads/aemDocuments/documents/MSLD/ProductDocuments/DataSheets/MCP1501-Data-Sheet-DS20005474F.pdf,MCP1501,MCP1501T-33E/CHYTR-ND,5844612,1,Tape & Reel (TR),0.58,3000,IC VREF SERIES 3.3V SOT23-6,Reference Type,Series,41,Output Type,Fixed,Voltage - Output (Min/Fixed),3.3V,2114,Current - Output,20 mA,Tolerance,±0.1%,Temperature Coefficient,50ppm/°C,1781,Noise - 0.1Hz to 10Hz,-,Noise - 10Hz to 10kHz,-,Voltage - Input,3.5V ~ 5.5V,Current - Supply,550µA,Operating Temperature,String,-40°C ~ 125°C (TA),Mounting Type,Surface Mount,Package / Case,SOT-23-6,818,-,Active,MCP1501T-33E/CHYCT-ND
20,2,Rohs3Compliant,EPSON,"Crystals, Oscillators, Resonators",Oscillators,,SG-210STF 16.0000ML0,https://support.epson.biz/td/api/doc_check.php?dl=brief_SG-210STF&lang=en,"SG-2016,3225,5032,7050CAN, SG-210STF Brief",114-SG-210STF16.0000ML0TR-ND,4437384,1,Tape & Reel (TR),0.4782,1000,XTAL OSC XO 16.0000MHZ CMOS SMD,Base Resonator,Crystal,183,Type,XO (Standard),Frequency,16 MHz,110,Function,Standby (Power Down),Output,CMOS,Voltage - Supply,1.6V ~ 3.6V,253,Frequency Stability,±50ppm,Absolute Pull Range (APR),-,Operating Temperature,-40°C ~ 85°C,Current - Supply (Max),1.8mA,Ratings,String,-,Mounting Type,Surface Mount,Package / Case,"4-SMD, No Lead",41631,SG-210STF,Active,114-SG-210STF16.0000ML0CT-ND
20,2,Rohs3Compliant,EPSON,"Crystals, Oscillators, Resonators",Oscillators,,SG5032CAN 8.000000M-TJGA3,https://support.epson.biz/td/api/doc_check.php?dl=brief_SG7050CAN&lang=en,"SGyyyyCAN, SG-210STF Series",SER3956TR-ND,5174915,1,Tape & Reel (TR),1.67156,250,XTAL OSC XO 8.0000MHZ CMOS SMD,Base Resonator,Crystal,183,Type,XO (Standard),Frequency,8 MHz,110,Function,Standby (Power Down),Output,CMOS,Voltage - Supply,1.6V ~ 3.6V,253,Frequency Stability,±50ppm,Absolute Pull Range (APR),-,Operating Temperature,-40°C ~ 85°C,Current - Supply (Max),3mA,Ratings,String,-,Mounting Type,Surface Mount,Package / Case,"4-SMD, No Lead",62711,SG5032CAN,Active,SER3956CT-ND
16,2,Rohs3Compliant,NXP USA Inc.,Integrated Circuits (ICs),Clock/Timing,Real Time Clocks,PCF85063AT/AY,http://www.nxp.com/docs/en/data-sheet/PCF85063A.pdf,PCF85063A,568-12403-2-ND,5170038,1,Tape & Reel (TR),0.43002,2500,IC RTC CLOCK/CALENDAR I2C 8SO,DigiKey Programmable,Not Verified,183,Type,Clock/Calendar,Features,"Alarm, Leap Year, Square Wave Output",142,Memory Size,-,Time Format,HH:MM:SS (12/24 hr),Date Format,YY-MM-DD-dd,154,Interface,"I2C, 2-Wire Serial",Voltage - Supply,0.9V ~ 5.5V,"Voltage - Supply, Battery",-,Current - Timekeeping (Max),0.6µA @ 3.3V,Operating Temperature,String,-40°C ~ 85°C,Mounting Type,Surface Mount,Package / Case,"8-SOIC (0.154"", 3.90mm Width)",818,-,Active,568-12403-1-ND
18,2,Rohs3Compliant,C&K,Switches,Tactile Switches,,KSC401J 50SH LFS,https://www.ckswitches.com/media/1970/ksc4.pdf,KSC-ST Series Datasheet,401-1775-2-ND,1003839,1,Tape & Reel (TR),0.38131,1000,SWITCH TACTILE SPST-NO 0.05A 32V,Circuit,SPST-NO,235,Switch Function,Off-Mom,Contact Rating @ Voltage,0.05A @ 32VDC,545,Actuator Type,Standard,Mounting Type,Surface Mount,"Actuator Height off PCB, Vertical",5.20mm,2014,"Actuator Length, Right Angle",-,Actuator Orientation,Top Actuated,Termination Style,J Lead,Outline,6.20mm x 6.20mm,Illumination,String,Non-Illuminated,"Illumination Type, Color",-,Illumination Voltage (Nominal),-,16257,KSC,Active,401-1775-1-ND
18,2,Rohs3Compliant,Panasonic Electronic Components,Switches,Limit Switches,,ESE-11SH2C,https://industrial.panasonic.com/cdbs/www-data/pdf/ATB0000/ATB0000C14.pdf,ESE-11 Series Datasheet,P10863S-ND,286382,3,Bulk,0.44,1,SWITCH DETECTOR SPST-NO 0.01A 5V,Circuit,SPST-NO,235,Switch Function,Off-Mom,Current Rating (Amps),10mA (DC),2144,Voltage Rating - DC,5 V,Actuator Type,Overtravel Plunger,Mounting Type,"Through Hole, Right Angle",258,Termination Style,PC Pin,Ingress Protection,-,Features,-,Operating Force,35gf,Release Force,String,-,Operating Position,"0.183"" (4.65mm)",Pretravel,-,16086,ESE11,Active,
6,2,Rohs3Compliant,Microchip Technology,Integrated Circuits (ICs),Memory,Memory,23K640T-I/SN,https://ww1.microchip.com/downloads/en/DeviceDoc/22126E.pdf,"23(A,K)640",23K640T-I/SNTR-ND,2001090,1,Tape & Reel (TR),0.7049,3300,IC SRAM 64KBIT SPI 20MHZ 8SOIC,DigiKey Programmable,Not Verified,149,Memory Type,Volatile,Memory Format,SRAM,570,Technology,SRAM,Memory Size,64Kbit,Memory Organization,8K x 8,2043,Memory Interface,SPI,Clock Frequency,20 MHz,"Write Cycle Time - Word, Page",-,Voltage - Supply,2.7V ~ 3.6V,Operating Temperature,String,-40°C ~ 85°C (TA),Mounting Type,Surface Mount,Package / Case,"8-SOIC (0.154"", 3.90mm Width)",818,-,Active,23K640T-I/SNCT-ND
12,2,Rohs3Compliant,Diodes Incorporated,Integrated Circuits (ICs),Power Management (PMIC),Supervisors,APX803L20-29SA-7,https://www.diodes.com/assets/Datasheets/APX803L.pdf,APX803L,APX803L20-29SA-7DITR-ND,7352657,1,Tape & Reel (TR),0.09712,3000,IC SUPERVISOR 1 CHANNEL SOT23,DigiKey Programmable,Not Verified,183,Type,Simple Reset/Power-On Reset,Number of Voltages Monitored,1,846,Voltage - Threshold,2.9V,Output,Open Drain or Open Collector,Reset,Active Low,582,Reset Timeout,143ms Minimum,Operating Temperature,-40°C ~ 85°C (TA),Mounting Type,Surface Mount,Package / Case,"TO-236-3, SC-59, SOT-23-3",Supplier Device Package,String,SOT-23-3,,,,,818,-,Active,APX803L20-29SA-7DICT-ND
99,2,Rohs3Compliant,Microchip Technology,Integrated Circuits (ICs),Power Management (PMIC),"Voltage Regulators - Linear, Low Drop Out (LDO) Regulators",MIC5365-3.0YC5-TR,https://ww1.microchip.com/downloads/en/DeviceDoc/mic5365.pdf,"MIC5365,66",576-3191-2-ND,1868092,1,Tape & Reel (TR),0.12,3000,IC REG LINEAR 3V 150MA SC-70-5,Output Configuration,Positive,41,Output Type,Fixed,Number of Regulators,1,573,Voltage - Input (Max),5.5V,Voltage - Output (Min/Fixed),3V,Voltage - Output (Max),-,2065,Voltage Dropout (Max),0.31V @ 150mA,Current - Output,150mA,Current - Quiescent (Iq),39 µA,PSRR,80dB ~ 65dB (1kHz ~ 10kHz),Control Features,String,Enable,Protection Features,"Over Current, Over Temperature",Operating Temperature,-40°C ~ 125°C,818,-,Active,576-3191-1-ND
18,2,Rohs3Compliant,onsemi,Discrete Semiconductor Products,Transistors,"FETs, MOSFETs",BSS84,https://www.onsemi.com/pdf/datasheet/bss84-d.pdf,BSS84 Datasheet,BSS84TR-ND,244213,1,Tape & Reel (TR),0.07119,3000,MOSFET P-CH 50V 130MA SOT23-3,FET Type,P-Channel,570,Technology,MOSFET (Metal Oxide),Drain to Source Voltage (Vdss),50 V,608,Current - Continuous Drain (Id) @ 25°C,130mA (Ta),"Drive Voltage (Max Rds On, Min Rds On)","4.5V, 10V","Rds On (Max) @ Id, Vgs","8Ohm @ 150mA, 10V",1236,Vgs(th) (Max) @ Id,2V @ 250µA,Gate Charge (Qg) (Max) @ Vgs,1.3 nC @ 5 V,Vgs (Max),±20V,Input Capacitance (Ciss) (Max) @ Vds,73 pF @ 25 V,FET Feature,String,-,Power Dissipation (Max),225mW (Ta),Operating Temperature,-55°C ~ 155°C (TJ),818,-,Active,BSS84CT-ND
23,,Rohs3Compliant,Everlight Electronics Co Ltd,"Sensors, Transducers",Optical Sensors,Phototransistors,ALS-PT204-6C/L177,//mm.digikey.com/Volume0/opasdata/d220001/medias/docus/885/ALS-PT204-6C%2CL177.pdf,ALS-PT204-6C/L177,1080-1019-ND,2675510,62,Bag,0.45,1,SENSOR PHOTO 630NM RADIAL,Voltage - Collector Emitter Breakdown (Max),5.5 V,813,Current - Dark (Id) (Max),100 nA,Wavelength,630nm,551,Viewing Angle,-,Mounting Type,Through Hole,Orientation,-,252,Operating Temperature,-40°C ~ 85°C,Package / Case,Radial,,,,,,,,,,,,818,-,Active,
23,2,Rohs3Compliant,Everlight Electronics Co Ltd,"Sensors, Transducers",Optical Sensors,Phototransistors,ALS-PT19-315C/L177/TR8,https://www.everlighteurope.com/custom/files/datasheets/DLS-0000039.pdf,ALS-PT19-315C/L177/TR8,1080-1244-2-ND,2675735,1,Tape & Reel (TR),0.13657,4000,SENSOR PHOTO 630NM 2SMD,Voltage - Collector Emitter Breakdown (Max),5.5 V,813,Current - Dark (Id) (Max),100 nA,Wavelength,630nm,551,Viewing Angle,-,Mounting Type,Surface Mount,Orientation,-,252,Operating Temperature,-40°C ~ 85°C,Package / Case,"2-SMD, No Lead",,,,,,,,,,,,818,-,Active,1080-1244-1-ND
10,2,Rohs3Compliant,Inolux,"Sensors, Transducers",Optical Sensors,"Ambient Light, IR, UV Sensors",IN-S63DTLS,https://www.inolux-corp.com/datasheet/IR/Sensor/Ambient%20Light%20Sensor/IN-S63DTLS_V1.0.pdf,IN-S63DTLS,1830-IN-S63DTLSTR-ND,10384743,1,Tape & Reel (TR),0.14054,4000,SENSOR OPT 630NMAMB 0603,Type,Ambient,40,Wavelength,630nm,Proximity Detection,No,41,Output Type,Analog,Voltage - Supply,-,Operating Temperature,-40°C ~ 85°C,69,Mounting Type,Surface Mount,Package / Case,0603 (1608 Metric),Supplier Device Package,603,,,,,,,,,,818,-,Active,1830-IN-S63DTLSCT-ND
12,2,Rohs3Compliant,Vishay,"Sensors, Transducers",Temperature Sensors,RTD (Resistance Temperature Detector),PTS060301B100RP100,https://www.vishay.com/docs/28762/pts.pdf,PTS Datasheet,PTS0603100TR-ND,1666183,1,Tape & Reel (TR),0.99791,1000,SENSOR RTD 100OHM 0.3% 0603,Resistance @ 0°C,100 Ohms,867,Resistance Tolerance,±0.3%,RTD Material,Platinum (Pt),252,Operating Temperature,-55°C ~ 155°C,Termination,SMD (SMT) Tabs,Accuracy,-,17,Temperature Coefficient,3850ppm/°C,Current,500 µA,Mounting Type,Surface Mount,Package / Case,0603 (1608 Metric),,,,,,,,52143,PTS,Active,PTS0603100CT-ND
18,2,Rohs3Compliant,Yageo Nexensos,"Sensors, Transducers",Temperature Sensors,RTD (Resistance Temperature Detector),32208548,https://www.yageogroup.com/component-documentation/download/specsheet/32208548,32208548 Datasheet,1759-1020-ND,6677770,3,Bulk,2.47,1,SENSOR RTD 100OHM 0.3% 2SIP,Resistance @ 0°C,100 Ohms,867,Resistance Tolerance,±0.12%,RTD Material,Platinum (Pt),252,Operating Temperature,-70°C ~ 500°C,Termination,PC Pins,Accuracy,±0.3°C,17,Temperature Coefficient,3850ppm/°C,Current,1 mA,Mounting Type,Through Hole,Package / Case,2-SIP,,,,,,,,120654,M222,Active,
19,2,RohsCompliant,Altera,Integrated Circuits (ICs),Embedded,CPLDs (Complex Programmable Logic Devices),5M240ZT144C5N,//mm.digikey.com/Volume0/opasdata/d220001/medias/docus/6165/mv5v1_01.pdf,MAX V Device,2832-5M240ZT144C5N-ND,24559403,17,Tray,9.25,20,IC CPLD 192MC 7.5NS 144TQFP,DigiKey Programmable,Not Verified,150,Programmable Type,In System Programmable,Delay Time tpd(1) Max,7.5 ns,1339,Voltage Supply - Internal,1.71V ~ 1.89V,Number of Logic Elements/Blocks,240,Number of Macrocells,192,2208,Number of I/O,114,Operating Temperature,0°C ~ 85°C (TJ),Mounting Type,Surface Mount,Package / Case,144-LQFP,Supplier Device Package,String,144-TQFP (20x20),,,,,26642,MAX® V,Active,544-2805-ND
12,2,Rohs3Compliant,STMicroelectronics,Integrated Circuits (ICs),Embedded,Microcontrollers,STM32C011J6M6,https://www.st.com/resource/en/datasheet/stm32c011d6.pdf,STM32C011x4/x6,497-STM32C011J6M6-ND,17078253,6,Tube,0.76,1,IC MCU 32BIT 32KB FLASH 8SO,DigiKey Programmable,Not Verified,506,Core Processor,ARM® Cortex®-M0+,Core Size,32-Bit,143,Speed,48MHz,Connectivity,"I2C, IrDA, LINbus, SPI, UART/USART",Peripherals,"Brown-out Detect/Reset, POR, PWM, Temp Sensor, WDT",2208,Number of I/O,6,Program Memory Size,32KB (32K x 8),Program Memory Type,FLASH,EEPROM Size,-,RAM Size,String,6K x 8,Voltage - Supply (Vcc/Vdd),2V ~ 3.6V,Data Converters,A/D 7x12b SAR,109212,STM32C0,Active,
4,2,Rohs3Compliant,Microchip Technology,Integrated Circuits (ICs),Embedded,Microcontrollers,ATTINY402-SSNR,http://ww1.microchip.com/downloads/en/DeviceDoc/ATtiny202-402-AVR-MCU-with-Core-Independent-Peripherals_and-picoPower-40001969A.pdf,"ATtiny202,402",ATTINY402-SSNRTR-ND,9554946,1,Tape & Reel (TR),0.43,4000,IC MCU 8BIT 4KB FLASH 8SOIC,DigiKey Programmable,Verified,506,Core Processor,AVR,Core Size,8-Bit,143,Speed,20MHz,Connectivity,"I2C, IrDA, LINbus, SPI, UART/USART",Peripherals,"Brown-out Detect/Reset, POR, PWM, WDT",2208,Number of I/O,6,Program Memory Size,4KB (4K x 8),Program Memory Type,FLASH,EEPROM Size,128 x 8,RAM Size,String,256 x 8,Voltage - Supply (Vcc/Vdd),1.8V ~ 5.5V,Data Converters,A/D 6x10b,89913,"tinyAVR™ 0, Functional Safety (FuSa)",Active,ATTINY402-SSNRCT-ND
8,2,Rohs3Compliant,Würth Elektronik,Isolators,Digital Isolators,,18012115421H,https://www.we-online.com/components/products/datasheet/18012115421H.pdf,18012115421H,732-18012115421HTR-ND,26766176,1,Tape & Reel (TR),0.855,1000,CAPACITIVE DIGITAL ISOLATOR STAN,Technology,Capacitive Coupling,183,Type,"CAN, RS232, RS485, SPI",Isolated Power,Yes,2093,Number of Channels,2,Inputs - Side 1/Side 2,1/1,Channel Type,Unidirectional,597,Voltage - Isolation,5000Vrms,Common Mode Transient Immunity (Min),150kV/µs (Typ),Data Rate,150Mbps,Propagation Delay tpLH / tpHL (Max),"15ns, 15ns",Pulse Width Distortion (Max),String,4.5ns,Rise / Fall Time (Typ),"2.5ns, 2.5ns",Voltage - Supply,2.375V ~ 5.5V,121918,WPME-CDIS,Active,732-18012115421HCT-ND
12,2,Rohs3Compliant,Lite-On Inc.,Isolators,"Optocouplers, Optoisolators","Transistor, Photovoltaic Output Optoisolators",LTV-356T,https://optoelectronics.liteon.com/upload/download/DS70-2001-010/LTV-356T%20series%20Rev.P.PDF,LTV-356T,160-1337-2-ND,385804,1,Tape & Reel (TR),0.10428,3000,OPTOISO 3.75KV 1CH TRANS 4-SOP,Number of Channels,1,597,Voltage - Isolation,3750Vrms,Current Transfer Ratio (Min),50% @ 5mA,1241,Current Transfer Ratio (Max),600% @ 5mA,Turn On / Turn Off Time (Typ),-,Rise / Fall Time (Typ),"4µs, 3µs",474,Input Type,DC,Output Type,Transistor,Voltage - Output (Max),80V,Current - Output / Channel,50mA,Voltage - Forward (Vf) (Typ),String,1.2V,Current - DC Forward (If) (Max),50 mA,Vce Saturation (Max),200mV,104939,LTV-356T,Active,160-1337-1-ND
12,2,Rohs3Compliant,Panjit International Inc.,Discrete Semiconductor Products,Transistors,"FETs, MOSFETs",2N7002K_R1_00001,https://www.panjit.com.tw/upload/datasheet/2N7002K.pdf,2N7002K,3757-2N7002K_R1_00001TR-ND,14661007,1,Tape & Reel (TR),0.0224,3000,"SOT-23, MOSFET",FET Type,N-Channel,570,Technology,MOSFET (Metal Oxide),Drain to Source Voltage (Vdss),60 V,608,Current - Continuous Drain (Id) @ 25°C,300mA (Ta),"Drive Voltage (Max Rds On, Min Rds On)","4.5V, 10V","Rds On (Max) @ Id, Vgs","3Ohm @ 500mA, 10V",1236,Vgs(th) (Max) @ Id,2.5V @ 250µA,Gate Charge (Qg) (Max) @ Vgs,0.8 nC @ 5 V,Vgs (Max),±20V,Input Capacitance (Ciss) (Max) @ Vds,35 pF @ 25 V,FET Feature,String,-,Power Dissipation (Max),350mW (Ta),Operating Temperature,-55°C ~ 150°C (TJ),818,-,Active,3757-2N7002K_R1_00001CT-ND
4,2,Rohs3Compliant,Microchip Technology,Integrated Circuits (ICs),Linear,Amplifiers,MCP6002T-I/SN,https://ww1.microchip.com/downloads/en/DeviceDoc/MCP6001-1R-1U-2-4-1-MHz-Low-Power-Op-Amp-DS20001733L.pdf,MCP6001/1R/1U/2/4,MCP6002T-I/SNTR-ND,500878,1,Tape & Reel (TR),0.31,3300,IC OPAMP GP 2 CIRCUIT 8SOIC,Amplifier Type,Standard (General Purpose),2094,Number of Circuits,2,Output Type,Rail-to-Rail,511,Slew Rate,0.6V/µs,Gain Bandwidth Product,1 MHz,Current - Input Bias,1 pA,975,Voltage - Input Offset,4.5 mV,Current - Supply,100µA (x2 Channels),Current - Output / Channel,23 mA,Voltage - Supply Span (Min),1.8 V,Voltage - Supply Span (Max),UnitOfMeasure,6 V,Operating Temperature,-40°C ~ 85°C (TA),Mounting Type,Surface Mount,818,-,Active,MCP6002T-I/SNCT-ND
24,2,Rohs3Compliant,Diodes Incorporated,Integrated Circuits (ICs),Power Management (PMIC),Voltage Regulators - DC DC Switching Regulators,AP3012KTR-E1,https://www.diodes.com/assets/Datasheets/AP3012.pdf,AP3012 Series,AP3012KTR-E1DITR-ND,4470845,1,Tape & Reel (TR),0.22973,3000,IC REG BOOST ADJ 500MA SOT23-5,Function,Step-Up,255,Output Configuration,Positive,Topology,Boost,41,Output Type,Adjustable,Number of Outputs,1,Voltage - Input (Min),2.6V,573,Voltage - Input (Max),16V,Voltage - Output (Min/Fixed),1.25V,Voltage - Output (Max),29V,Current - Output,500mA (Switch),Frequency - Switching,String,1.5MHz,Synchronous Rectifier,No,Operating Temperature,-40°C ~ 85°C (TA),818,-,Active,AP3012KTR-E1DICT-ND
18,2,Rohs3Compliant,YAGEO,Resistors,Chip Resistor - Surface Mount,,RC0805FR-071ML,https://www.yageogroup.com/content/datasheet/asset/file/PYU-RC_GROUP_51_ROHS_L,RC L Datasheet,311-1.00MCRTR-ND,727445,1,Tape & Reel (TR),0.0051,5000,RES 1M OHM 1% 1/8W 0805,Resistance,1 MOhms,3,Tolerance,±1%,Power (Watts),"0.125W, 1/8W",174,Composition,Thick Film,Features,Moisture Resistant,Temperature Coefficient,±100ppm/°C,252,Operating Temperature,-55°C ~ 155°C,Package / Case,0805 (2012 Metric),Supplier Device Package,805,Size / Dimension,"0.079"" L x 0.049"" W (2.00mm x 1.25mm)",Height - Seated (Max),String,"0.024"" (0.60mm)",Number of Terminations,2,Failure Rate,-,81248,RC_L,Active,311-1.00MCRCT-ND
11,2,Rohs3Compliant,Bourns Inc.,"Potentiometers, Variable Resistors",Trimmer Potentiometers,,3362P-1-103LF,https://www.bourns.com/docs/Product-Datasheets/3362.pdf,3362 Datasheet,3362P-103LF-ND,1088412,6,Tube,0.91,1,TRIMMER 10K OHM 0.5W PC PIN TOP,Resistance,10 kOhms,2,Power (Watts),"0.5W, 1/2W",Tolerance,±10%,17,Temperature Coefficient,±100ppm/°C,Number of Turns,1,Adjustment Type,Top Adjustment,1083,Resistive Material,Cermet,Mounting Type,Through Hole,Termination Style,PC Pins,Size / Dimension,"Rectangular - 0.275"" x 0.260"" Face (6.99mm x 6.60mm)",,,,,,,,916,Trimpot® 3362 - Sealed,Active,
8,2,Rohs3Compliant,ams-OSRAM USA INC.,Optoelectronics,LED Color Lighting,,GR JTLPS1.23-G7H4-45-1-150-R33,https://look.ams-osram.com/m/607bcfc8f2afe539/original/GR-JTLPS1-23.pdf,GR-JTLPS1-23 Datasheet,475-GRJTLPS1.23-G7H4-45-1-150-R33TR-ND,16820467,1,Tape & Reel (TR),0.09316,10000,DURIS E 2835,Color,Red,40,Wavelength,620nm (Typ),Current - Test,150mA,319,Voltage - Forward (Vf) (Typ),2.2V,Lumens/Watt @ Current - Test,74 lm/W,Current - Max,200mA,1830,Luminous Flux @ Current/Temperature,24lm (Typ),Temperature - Test,25°C,Viewing Angle,120°,Mounting Type,Surface Mount,Package / Case,String,1411 (3528 Metric),Supplier Device Package,1411,Size / Dimension,"0.138"" L x 0.110"" W (3.50mm x 2.80mm)",56199,DURIS® E 2835,Active,475-GRJTLPS1.23-G7H4-45-1-150-R33CT-ND
4,2,Rohs3Compliant,Lumileds,Optoelectronics,LED Color Lighting,,L135-G525003500000,https://lumileds.com/wp-content/uploads/files/DS146-luxeon-3535l-color-line-datasheet.pdf,LUXEON 3535L Color Line Datasheet,1416-1984-2-ND,5877576,1,Tape & Reel (TR),0.36725,5000,LED LUXEON 3535L GRN 530NM 3535,Color,Green,40,Wavelength,530nm (520nm ~ 540nm),Current - Test,100mA,319,Voltage - Forward (Vf) (Typ),3.2V,Lumens/Watt @ Current - Test,69 lm/W,Current - Max,125mA,1830,Luminous Flux @ Current/Temperature,22lm (21lm ~ 23lm),Temperature - Test,25°C,Viewing Angle,115°,Mounting Type,Surface Mount,Package / Case,String,1414 (3535 Metric),Supplier Device Package,3535,Size / Dimension,"0.138"" L x 0.134"" W (3.50mm x 3.40mm)",38500,LUXEON 3535L,Active,1416-1984-1-ND
7,2,Rohs3Compliant,Microchip Technology,Integrated Circuits (ICs),Memory,Memory,23LCV512-I/SN,https://ww1.microchip.com/downloads/en/DeviceDoc/23LCV512-512-Kbit-SPI-Serial-SRAM-with-Battery-Backup-and-SDI-Interface-20005157B.pdf,23LCV512,23LCV512-I/SN-ND,3543096,6,Tube,2.07,1,IC SRAM 512KBIT SPI/DUAL 8SOIC,DigiKey Programmable,Not Verified,149,Memory Type,Volatile,Memory Format,SRAM,570,Technology,SRAM - Synchronous,Memory Size,512Kbit,Memory Organization,64K x 8,2043,Memory Interface,SPI - Dual I/O,Clock Frequency,20 MHz,"Write Cycle Time - Word, Page",-,Voltage - Supply,2.5V ~ 5.5V,Operating Temperature,String,-40°C ~ 85°C (TA),Mounting Type,Surface Mount,Package / Case,"8-SOIC (0.154"", 3.90mm Width)",818,-,Active,
12,2,Rohs3Compliant,Texas Instruments,Integrated Circuits (ICs),Logic,Gates and Inverters,SN74LVC1G08DBVR,https://www.ti.com/general/docs/suppproductinfo.tsp?distId=10&gotoUrl=https%3A%2F%2Fwww.ti.com%2Flit%2Fgpn%2Fsn74lvc1g08,SN74LVC1G08 Datasheet,296-11601-2-ND,385718,1,Tape & Reel (TR),0.03688,3000,IC GATE AND 1CH 2-INP SOT23-5,Logic Type,AND Gate,2094,Number of Circuits,1,Number of Inputs,2,5,Features,-,Voltage - Supply,1.65V ~ 5.5V,Current - Quiescent (Max),10 µA,592,"Current - Output High, Low","32mA, 32mA",Input Logic Level - Low,-,Input Logic Level - High,-,"Max Propagation Delay @ V, Max CL","4ns @ 5V, 50pF",Operating Temperature,String,-40°C ~ 125°C (TA),Mounting Type,Surface Mount,Supplier Device Package,SOT-23-5,75,74LVC,Active,296-11601-1-ND
21,2,Rohs3Compliant,Bourns Inc.,Resistors,Chip Resistor - Surface Mount,,CR0603-JW-472ELF,https://bourns.com/docs/product-datasheets/cr.pdf?sfvrsn=574d41f6_14,CR Datasheet,CR0603-JW-472ELFTR-ND,3593210,1,Tape & Reel (TR),0.00233,5000,RES SMD 4.7K OHM 5% 1/10W 0603,Resistance,4.7 kOhms,3,Tolerance,±5%,Power (Watts),"0.1W, 1/10W",174,Composition,Thick Film,Features,Moisture Resistant,Temperature Coefficient,±200ppm/°C,252,Operating Temperature,-55°C ~ 155°C,Package / Case,0603 (1608 Metric),Supplier Device Package,603,Size / Dimension,"0.063"" L x 0.031"" W (1.60mm x 0.80mm)",Height - Seated (Max),String,"0.022"" (0.55mm)",Number of Terminations,2,Failure Rate,-,18685,CR0603,Active,CR0603-JW-472ELFCT-ND
18,2,Rohs3Compliant,Taiwan Semiconductor Corporation,Discrete Semiconductor Products,Diodes,Zener,BZT52B12 RHG,https://services.taiwansemi.com/storage/resources/datasheet/BZT52B2V4 series_F15.pdf,BZT52B2V4 - BZT52B75,BZT52B12RHGTR-ND,7357305,1,Tape & Reel (TR),0.027,3000,DIODE ZENER 12V 500MW SOD123F,Voltage - Zener (Nom) (Vz),12 V,3,Tolerance,±2%,Power - Max,500 mW,921,Impedance (Max) (Zzt),25 Ohms,Current - Reverse Leakage @ Vr,90 nA @ 8 V,Voltage - Forward (Vf) (Max) @ If,1 V @ 10 mA,252,Operating Temperature,150°C (TJ),Mounting Type,Surface Mount,Package / Case,SOD-123F,Supplier Device Package,SOD-123F,,,,,,,,818,-,Active,BZT52B12RHGCT-ND
14,2,Rohs3Compliant,Stackpole Electronics Inc,Kits,Resistor Kits,,KIT-RMCF0603FT-04,https://www.seielect.com/catalog/sei-engineering kits.pdf,Engineering Kits Datasheet,KIT-RMCF0603FT-04-ND,2773766,262,Book,38.4,1,RES KIT 1K-9.76K 1/10W 1920PCS,Kit Type,Thick Film,1,Resistance (Ohms),1k ~ 9.76k,Power (Watts),1/10W,3,Tolerance,±1%,Features,Automotive AEC-Q200,Quantity,1920 Pieces (96 Values - 20 Each),69,Mounting Type,Surface Mount,Packages Included,0603 (1608 Metric),,,,,,,,,,,,18619,RMCF,Active,
17,2,Rohs3Compliant,Stackpole Electronics Inc,Resistors,Chip Resistor - Surface Mount,,RMCF0603FT22R0,https://www.seielect.com/catalog/SEI-RMCF_RMCP.pdf,RMCF RMCP Datasheet,RMCF0603FT22R0TR-ND,1760726,1,Tape & Reel (TR),0.0021,5000,RES 22 OHM 1% 1/10W 0603,Resistance,22 Ohms,3,Tolerance,±1%,Power (Watts),"0.1W, 1/10W",174,Composition,Thick Film,Features,Automotive AEC-Q200,Temperature Coefficient,±100ppm/°C,252,Operating Temperature,-55°C ~ 155°C,Package / Case,0603 (1608 Metric),Supplier Device Package,603,Ratings,-,Size / Dimension,String,"0.061"" L x 0.031"" W (1.55mm x 0.80mm)",Height - Seated (Max),"0.022"" (0.55mm)",Number of Terminations,2,18619,RMCF,Active,RMCF0603FT22R0CT-ND
18,2,Rohs3Compliant,Vishay Dale,Resistors,Chip Resistor - Surface Mount,,CRCW060333R0FKEAC,https://www.vishay.com/docs/28773/crcwce3.pdf,CRCW-C e3 Datasheet,541-3988-2-ND,7928410,1,Tape & Reel (TR),0.00442,5000,RES 33 OHM 1% 1/10W 0603,Resistance,33 Ohms,3,Tolerance,±1%,Power (Watts),"0.1W, 1/10W",174,Composition,Thick Film,Features,-,Temperature Coefficient,±100ppm/°C,252,Operating Temperature,-55°C ~ 155°C,Package / Case,0603 (1608 Metric),Supplier Device Package,603,Ratings,-,Size / Dimension,String,"0.063"" L x 0.031"" W (1.60mm x 0.80mm)",Height - Seated (Max),"0.022"" (0.55mm)",Number of Terminations,2,62341,CRCW-C,Active,541-3988-1-ND
17,2,Rohs3Compliant,Stackpole Electronics Inc,Resistors,Chip Resistor - Surface Mount,,RMCF0603FT330R,https://www.seielect.com/catalog/SEI-RMCF_RMCP.pdf,RMCF RMCP Datasheet,RMCF0603FT330RTR-ND,1760736,1,Tape & Reel (TR),0.0021,5000,RES 330 OHM 1% 1/10W 0603,Resistance,330 Ohms,3,Tolerance,±1%,Power (Watts),"0.1W, 1/10W",174,Composition,Thick Film,Features,Automotive AEC-Q200,Temperature Coefficient,±100ppm/°C,252,Operating Temperature,-55°C ~ 155°C,Package / Case,0603 (1608 Metric),Supplier Device Package,603,Ratings,-,Size / Dimension,String,"0.061"" L x 0.031"" W (1.55mm x 0.80mm)",Height - Seated (Max),"0.022"" (0.55mm)",Number of Terminations,2,18619,RMCF,Active,RMCF0603FT330RCT-ND
17,2,Rohs3Compliant,Stackpole Electronics Inc,Resistors,Chip Resistor - Surface Mount,,RMCF0603FT470R,https://www.seielect.com/catalog/SEI-RMCF_RMCP.pdf,RMCF RMCP Datasheet,RMCF0603FT470RTR-ND,1761144,1,Tape & Reel (TR),0.00333,5000,RES 470 OHM 1% 1/10W 0603,Resistance,470 Ohms,3,Tolerance,±1%,Power (Watts),"0.1W, 1/10W",174,Composition,Thick Film,Features,Automotive AEC-Q200,Temperature Coefficient,±100ppm/°C,252,Operating Temperature,-55°C ~ 155°C,Package / Case,0603 (1608 Metric),Supplier Device Package,603,Ratings,-,Size / Dimension,String,"0.061"" L x 0.031"" W (1.55mm x 0.80mm)",Height - Seated (Max),"0.022"" (0.55mm)",Number of Terminations,2,18619,RMCF,Active,RMCF0603FT470RCT-ND
16,2,Rohs3Compliant,Stackpole Electronics Inc,Resistors,Chip Resistor - Surface Mount,,RMCF0603FT1K00,https://www.seielect.com/catalog/SEI-RMCF_RMCP.pdf,RMCF RMCP Datasheet,RMCF0603FT1K00TR-ND,1761077,1,Tape & Reel (TR),0.0021,5000,RES 1K OHM 1% 1/10W 0603,Resistance,1 kOhms,3,Tolerance,±1%,Power (Watts),"0.1W, 1/10W",174,Composition,Thick Film,Features,Automotive AEC-Q200,Temperature Coefficient,±100ppm/°C,252,Operating Temperature,-55°C ~ 155°C,Package / Case,0603 (1608 Metric),Supplier Device Package,603,Ratings,-,Size / Dimension,String,"0.061"" L x 0.031"" W (1.55mm x 0.80mm)",Height - Seated (Max),"0.022"" (0.55mm)",Number of Terminations,2,18619,RMCF,Active,RMCF0603FT1K00CT-ND
17,2,Rohs3Compliant,Stackpole Electronics Inc,Resistors,Chip Resistor - Surface Mount,,RMCF0603FT4K70,https://www.seielect.com/catalog/SEI-RMCF_RMCP.pdf,RMCF RMCP Datasheet,RMCF0603FT4K70TR-ND,1760998,1,Tape & Reel (TR),0.0021,5000,RES 4.7K OHM 1% 1/10W 0603,Resistance,4.7 kOhms,3,Tolerance,±1%,Power (Watts),"0.1W, 1/10W",174,Composition,Thick Film,Features,Automotive AEC-Q200,Temperature Coefficient,±100ppm/°C,252,Operating Temperature,-55°C ~ 155°C,Package / Case,0603 (1608 Metric),Supplier Device Package,603,Ratings,-,Size / Dimension,String,"0.061"" L x 0.031"" W (1.55mm x 0.80mm)",Height - Seated (Max),"0.022"" (0.55mm)",Number of Terminations,2,18619,RMCF,Active,RMCF0603FT4K70CT-ND
17,2,Rohs3Compliant,Stackpole Electronics Inc,Resistors,Chip Resistor - Surface Mount,,RMCF0603FG100K,https://www.seielect.com/catalog/SEI-RMCF_RMCP.pdf,RMCF RMCP Datasheet,RMCF0603FG100KTR-ND,1713543,1,Tape & Reel (TR),0.0021,10000,RES 100K OHM 1% 1/10W 0603,Resistance,100 kOhms,3,Tolerance,±1%,Power (Watts),"0.1W, 1/10W",174,Composition,Thick Film,Features,Automotive AEC-Q200,Temperature Coefficient,±100ppm/°C,252,Operating Temperature,-55°C ~ 155°C,Package / Case,0603 (1608 Metric),Supplier Device Package,603,Ratings,-,Size / Dimension,String,"0.061"" L x 0.031"" W (1.55mm x 0.80mm)",Height - Seated (Max),"0.022"" (0.55mm)",Number of Terminations,2,18619,RMCF,Active,RMCF0603FG100KCT-ND
24,2,Rohs3Compliant,STMicroelectronics,Integrated Circuits (ICs),Power Management (PMIC),"Voltage Regulators - Linear, Low Drop Out (LDO) Regulators",LDL1117S33R,https://www.st.com/content/ccc/resource/technical/document/datasheet/group3/0e/5a/00/ca/10/1a/4f/a5/DM00366442/files/DM00366442.pdf/jcr:content/translations/en.DM00366442.pdf,LDL1117 Datasheet,497-17239-2-ND,7102071,1,Tape & Reel (TR),0.15435,2500,IC REG LINEAR 3.3V 1.2A SOT-223,Output Configuration,Positive,41,Output Type,Fixed,Number of Regulators,1,573,Voltage - Input (Max),18V,Voltage - Output (Min/Fixed),3.3V,Voltage - Output (Max),-,2065,Voltage Dropout (Max),0.6V @ 1.2A,Current - Output,1.2A,Current - Quiescent (Iq),500 µA,PSRR,87dB ~ 65dB (120Hz ~ 100kHz),Control Features,String,-,Protection Features,"Over Current, Over Temperature, Under Voltage Lockout (UVLO)",Operating Temperature,-40°C ~ 125°C (TJ),818,-,Active,497-17239-1-ND
16,2,Rohs3Compliant,Murata Electronics,"Inductors, Coils, Chokes",Fixed Inductors,,DFE252012F-2R2M=P2,https://www.murata.com/~/media/webrenewal/products/inductor/chip/tokoproducts/wirewoundmetalalloychiptype/m_dfe252012f.ashx,DFE252012F Type,490-13055-2-ND,5812591,1,Tape & Reel (TR),0.12571,3000,FIXED IND 2.2UH 2.3A 0.082OHM SM,Type,"Drum Core, Wirewound",1221,Material - Core,Iron Powder,Inductance,2.2 µH,3,Tolerance,±20%,Current Rating (Amps),2.3 A,Current - Saturation (Isat),3.3A,80,Shielding,Shielded,DC Resistance (DCR),82mOhm Max,Q @ Freq,-,Frequency - Self Resonant,-,Ratings,String,-,Operating Temperature,-40°C ~ 125°C,Inductance Frequency - Test,1 MHz,51216,DFE252012F,Active,490-13055-1-ND
12,2,Rohs3Compliant,Texas Instruments,Integrated Circuits (ICs),Power Management (PMIC),Battery Chargers,BQ24092DGQR,https://www.ti.com/general/docs/suppproductinfo.tsp?distId=10&gotoUrl=https%3A%2F%2Fwww.ti.com%2Flit%2Fgpn%2Fbq24092,BQ24090 - BQ24095 Datasheet,296-41204-2-ND,2353311,1,Tape & Reel (TR),0.61007,2500,IC BATT CHG LI-ION 1CELL 10MSOP,Battery Chemistry,Lithium Ion/Polymer,36,Number of Cells,1,Current - Charging,Constant - Programmable,1680,Programmable Features,Current,Fault Protection,"Over Temperature, Over Voltage, Short Circuit",Charge Current - Max,1A,1971,Battery Pack Voltage,4.2V,Voltage - Supply (Max),6.45V,Interface,USB,Operating Temperature,0°C ~ 125°C (TJ),Mounting Type,String,Surface Mount,Package / Case,"10-PowerTFSOP, 10-MSOP (0.118"", 3.00mm Width)",Supplier Device Package,10-HVSSOP,818,-,Active,296-41204-1-ND
16,2,Rohs3Compliant,Toshiba Semiconductor and Storage,Discrete Semiconductor Products,Transistors,"FETs, MOSFETs","T2N7002AK,LM",https://toshiba.semicon-storage.com/info/docget.jsp?did=29712&prodName=T2N7002AK,T2N7002AK Datasheet,T2N7002AKLMTR-ND,5298028,1,Tape & Reel (TR),0.02609,3000,MOSFET N-CH 60V 200MA SOT23,FET Type,N-Channel,570,Technology,MOSFET (Metal Oxide),Drain to Source Voltage (Vdss),60 V,608,Current - Continuous Drain (Id) @ 25°C,200mA (Ta),"Drive Voltage (Max Rds On, Min Rds On)","4.5V, 10V","Rds On (Max) @ Id, Vgs","3.9Ohm @ 100mA, 10V",1236,Vgs(th) (Max) @ Id,2.1V @ 250µA,Gate Charge (Qg) (Max) @ Vgs,0.35 nC @ 4.5 V,Vgs (Max),±20V,Input Capacitance (Ciss) (Max) @ Vds,17 pF @ 10 V,FET Feature,String,-,Power Dissipation (Max),320mW (Ta),Operating Temperature,150°C (TJ),56553,U-MOSVII-H,Active,T2N7002AKLMCT-ND
12,2,Rohs3Compliant,Diodes Incorporated,Integrated Circuits (ICs),Power Management (PMIC),"Power Distribution Switches, Load Drivers",AP22818AKCWT-7,https://www.diodes.com/assets/Datasheets/AP22816_17_18.pdf,"AP22816, AP22817, AP22818",31-AP22818AKCWT-7TR-ND,15286695,1,Tape & Reel (TR),0.10922,3000,USBPOWERSWITCHTSOT25T&R3K,Switch Type,USB Switch,87,Number of Outputs,1,Ratio - Input:Output,1:1,255,Output Configuration,High Side,Output Type,N/P-Channel,Interface,On/Off,772,Voltage - Load,2.7V ~ 5.5V,Voltage - Supply (Vcc/Vdd),Not Required,Current - Output (Max),2A,Rds On (Typ),75mOhm,Input Type,String,Non-Inverting,Features,"Load Discharge, Status Flag",Fault Protection,"Current Limiting (Fixed), Over Temperature, Reverse Current, Short Circuit, UVLO",818,-,Active,31-AP22818AKCWT-7CT-ND
13,2,Unknown,STMicroelectronics,Integrated Circuits (ICs),Embedded,Microcontrollers,STM32U083RCT6,https://www.st.com/resource/en/datasheet/stm32u083kc.pdf,STM32U083xC,497-STM32U083RCT6-ND,22336310,17,Tray,3.42,1,IC MCU 32BIT 256KB FLASH 64LQFP,Core Processor,ARM® Cortex®-M0+,689,Core Size,32-Bit,Speed,56MHz,1113,Connectivity,"I2C, IrDA, LINbus, SPI, UART/USART, USB",Peripherals,"Brown-out Detect/Reset, CapSense, Crypto - AES, DMA, LCD, LVD, PWM, Temp Sensor, TRNG, WDT",Number of I/O,53,155,Program Memory Size,256KB (256K x 8),Program Memory Type,FLASH,EEPROM Size,-,RAM Size,40K x 8,Voltage - Supply (Vcc/Vdd),String,1.71V ~ 3.6V,Data Converters,A/D 16x12b SAR; D/A 1x12b,Oscillator Type,"External, Internal",124350,STM32U0,Active,
13,2,Rohs3Compliant,STMicroelectronics,Integrated Circuits (ICs),Embedded,Microcontrollers,STM32U5A5VJT6Q,https://www.st.com/resource/en/datasheet/stm32u5a5vj.pdf,STM32U5Ayyy,497-STM32U5A5VJT6Q-ND,20412790,17,Tray,15.26,1,IC MCU 32BIT 4MB FLASH 100LQFP,Core Processor,ARM® Cortex®-M33,689,Core Size,32-Bit,Speed,160MHz,1113,Connectivity,"CANbus, EBI/EMI, FIFO, I2C, IrDA, LINbus, MMC/SD, SPI, UART/USART/USB",Peripherals,"Brown-out Detect/Reset, Crypto - AES, DMA, PWM, SHA, Temp Sensor, TRNG, WDT",Number of I/O,79,155,Program Memory Size,4MB (4M x 8),Program Memory Type,FLASH,EEPROM Size,-,RAM Size,2.5M x 8,Voltage - Supply (Vcc/Vdd),String,1.71V ~ 3.6V,Data Converters,A/D 18x12/14b SAR; D/A 2x12b,Oscillator Type,"External, Internal",94713,STM32U5,Active,
13,2,Rohs3Compliant,KEMET,Capacitors,Ceramic Capacitors,,C0603C104K5RACTU,https://www.yageogroup.com/content/datasheet/asset/file/KEM_C1002_X7R_SMD,X7R Datasheet,399-C0603C104K5RACTUTR-ND,1465594,1,Tape & Reel (TR),0.0088,4000,CAP CER 0.1UF 50V X7R 0603,Capacitance,0.1 µF,3,Tolerance,±10%,Voltage - Rated,50V,17,Temperature Coefficient,X7R,Operating Temperature,-55°C ~ 125°C,Features,-,707,Ratings,-,Applications,"Bypass, Decoupling",Failure Rate,-,Mounting Type,"Surface Mount, MLCC",Package / Case,String,0603 (1608 Metric),Size / Dimension,"0.063"" L x 0.031"" W (1.60mm x 0.80mm)",Height - Seated (Max),-,70691,SMD Comm X7R,Active,399-C0603C104K5RACTUCT-ND
31,2,Rohs3Compliant,Samsung Electro-Mechanics,Capacitors,Ceramic Capacitors,,CL21A106KOQNNNE,//mm.digikey.com/Volume0/opasdata/d220001/medias/docus/609/CL21A106KOQNNNE_Spec.pdf,CL21A106KOQNNNE Spec,1276-1096-2-ND,3886754,1,Tape & Reel (TR),0.0096,2000,CAP CER 10UF 16V X5R 0805,Capacitance,10 µF,3,Tolerance,±10%,Voltage - Rated,16V,17,Temperature Coefficient,X5R,Operating Temperature,-55°C ~ 85°C,Features,-,707,Ratings,-,Applications,General Purpose,Failure Rate,-,Mounting Type,"Surface Mount, MLCC",Package / Case,String,0805 (2012 Metric),Size / Dimension,"0.079"" L x 0.049"" W (2.00mm x 1.25mm)",Height - Seated (Max),-,11392,CL,Active,1276-1096-1-ND
16,2,Rohs3Compliant,Laird-Signal Integrity Products,Filters,Ferrite Beads and Chips,,LI0603G121R-10,https://www.laird.com/document/datasheet/li0603g121r-10-datasheet,0603 Series Datasheet,240-2367-2-ND,806607,1,Tape & Reel (TR),0.03575,4000,FERRITE BEAD 120 OHM 0603 1LN,Filter Type,"Power, Signal Line",2169,Number of Lines,1,Impedance @ Frequency,120 Ohms @ 100 MHz,1923,Current Rating (Max),1A,DC Resistance (DCR) (Max),200mOhm,Ratings,-,252,Operating Temperature,-40°C ~ 125°C,Package / Case,0603 (1608 Metric),Mounting Type,Surface Mount,Height (Max),"0.031"" (0.80mm)",Size / Dimension,String,"0.063"" L x 0.031"" W (1.60mm x 0.80mm)",,,,,91606,603,Active,240-2367-1-ND
10,2,Rohs3Compliant,Raltron Electronics,"Crystals, Oscillators, Resonators",Crystals,,R2520-24.000-8-1010-EXT-TR-NS1,https://www.raltron.com/webproducts/specs/CRYSTAL/R2520-24.000-8-1010-EXT-TR-NS1.pdf,R2520-24.000-8-1010-EXT-TR-NS1,2151-R2520-24.000-8-1010-EXT-TR-NS1TR-ND,22531239,1,Tape & Reel (TR),0.13063,3000,CRYSTAL 24.000MHZ 8PF SMD,Type,MHz Crystal,2150,Frequency,24 MHz,Frequency Stability,±10ppm,537,Frequency Tolerance,±10ppm,Load Capacitance,8pF,ESR (Equivalent Series Resistance),60 Ohms,538,Operating Mode,Fundamental,Operating Temperature,-40°C ~ 85°C,Ratings,-,Mounting Type,Surface Mount,Package / Case,String,"4-SMD, No Lead",Size / Dimension,"0.098"" L x 0.079"" W (2.50mm x 2.00mm)",Height - Seated (Max),"0.030"" (0.75mm)",75128,R2520,Active,2151-R2520-24.000-8-1010-EXT-TR-NS1CT-ND
24,2,Rohs3Compliant,TDK Corporation,Capacitors,Ceramic Capacitors,,C1608C0G1H080D080AA,https://product.tdk.com/system/files/dam/doc/product/capacitor/ceramic/mlcc/catalog/mlcc_commercial_general_en.pdf,C Catalog,445-5043-2-ND,2093311,1,Tape & Reel (TR),0.01821,4000,CAP CER 8PF 50V C0G 0603,Capacitance,8 pF,3,Tolerance,±0.5pF,Voltage - Rated,50V,17,Temperature Coefficient,"C0G, NP0",Operating Temperature,-55°C ~ 125°C,Features,Low ESL,707,Ratings,-,Applications,General Purpose,Failure Rate,-,Mounting Type,"Surface Mount, MLCC",Package / Case,String,0603 (1608 Metric),Size / Dimension,"0.063"" L x 0.031"" W (1.60mm x 0.80mm)",Height - Seated (Max),-,1054,C,Not For New Designs,445-5043-1-ND
11,2,Rohs3Compliant,Micro Crystal AG,"Crystals, Oscillators, Resonators",Crystals,,CM9V-T1A-32.768KHZ-7PF-20PPM-TA-QC,https://www.microcrystal.com/fileadmin/Media/Products/32kHz/Datasheet/CM9V-T1A.pdf,CM9V-T1A Datasheet,2195-CM9V-T1A-32.768KHZ-7PF-20PPM-TA-QCTR-ND,10499103,1,Tape & Reel (TR),0.37834,1000,CRYSTAL 32.7680KHZ 7PF SMD,Type,kHz Crystal (Tuning Fork),2150,Frequency,32.768 kHz,Frequency Stability,-,537,Frequency Tolerance,±20ppm,Load Capacitance,7pF,ESR (Equivalent Series Resistance),90 kOhms,538,Operating Mode,Fundamental,Operating Temperature,-40°C ~ 85°C,Ratings,-,Mounting Type,Surface Mount,Package / Case,String,"2-SMD, No Lead",Supplier Device Package,2-SMD (1.6x1),Size / Dimension,"0.063"" L x 0.039"" W (1.60mm x 1.00mm)",87749,CM9V,Active,2195-CM9V-T1A-32.768KHZ-7PF-20PPM-TA-QCCT-ND
12,2,Rohs3Compliant,Texas Instruments,Integrated Circuits (ICs),Logic,"Signal Switches, Multiplexers, Decoders",SN74CBTLV3257PWR,https://www.ti.com/general/docs/suppproductinfo.tsp?distId=10&gotoUrl=https%3A%2F%2Fwww.ti.com%2Flit%2Fgpn%2Fsn74cbtlv3257,SN74CBTLV3257,296-9138-2-ND,378121,1,Tape & Reel (TR),0.22966,2000,IC MUX/DEMUX 4 X 1:2 16-TSSOP,Type,Multiplexer/Demultiplexer,130,Circuit,4 x 1:2,Independent Circuits,4,592,"Current - Output High, Low",-,Voltage Supply Source,Single Supply,Voltage - Supply,2.3V ~ 3.6V,252,Operating Temperature,-40°C ~ 85°C (TA),Mounting Type,Surface Mount,Package / Case,"16-TSSOP (0.173"", 4.40mm Width)",Supplier Device Package,16-TSSOP,,,,,,,,867,74CBTLV,Active,296-9138-1-ND
18,2,Rohs3Compliant,YAGEO,Resistors,Chip Resistor - Surface Mount,,RC0603FR-0710KL,https://www.yageogroup.com/content/datasheet/asset/file/PYU-RC_GROUP_51_ROHS_L,RC L Datasheet,311-10.0KHRTR-ND,726880,1,Tape & Reel (TR),0.00204,5000,RES 10K OHM 1% 1/10W 0603,Resistance,10 kOhms,3,Tolerance,±1%,Power (Watts),"0.1W, 1/10W",174,Composition,Thick Film,Features,Moisture Resistant,Temperature Coefficient,±100ppm/°C,252,Operating Temperature,-55°C ~ 155°C,Package / Case,0603 (1608 Metric),Supplier Device Package,603,Size / Dimension,"0.063"" L x 0.031"" W (1.60mm x 0.80mm)",Height - Seated (Max),String,"0.022"" (0.55mm)",Number of Terminations,2,Failure Rate,-,81248,RC_L,Active,311-10.0KHRCT-ND
18,2,Rohs3Compliant,YAGEO,Resistors,Chip Resistor - Surface Mount,,RC0603FR-0747KL,https://www.yageogroup.com/content/datasheet/asset/file/PYU-RC_GROUP_51_ROHS_L,RC L Datasheet,311-47.0KHRTR-ND,727253,1,Tape & Reel (TR),0.00204,5000,RES 47K OHM 1% 1/10W 0603,Resistance,47 kOhms,3,Tolerance,±1%,Power (Watts),"0.1W, 1/10W",174,Composition,Thick Film,Features,Moisture Resistant,Temperature Coefficient,±100ppm/°C,252,Operating Temperature,-55°C ~ 155°C,Package / Case,0603 (1608 Metric),Supplier Device Package,603,Size / Dimension,"0.063"" L x 0.031"" W (1.60mm x 0.80mm)",Height - Seated (Max),String,"0.022"" (0.55mm)",Number of Terminations,2,Failure Rate,-,81248,RC_L,Active,311-47.0KHRCT-ND
12,2,Rohs3Compliant,Texas Instruments,Circuit Protection,Transient Voltage Suppressors (TVS),TVS Diodes,ESD122DMXR,https://www.ti.com/general/docs/suppproductinfo.tsp?distId=10&gotoUrl=https%3A%2F%2Fwww.ti.com%2Flit%2Fgpn%2Fesd122,ESD122 Datasheet,296-48543-2-ND,7400096,1,Tape & Reel (TR),0.2275,10000,TVS DIODE 3.6VWM 8.4VC 3X2SON,Type,Zener,1730,Bidirectional Channels,2,Voltage - Reverse Standoff (Typ),3.6V (Max),1731,Voltage - Breakdown (Min),5.1V,Voltage - Clamping (Max) @ Ipp,8.4V (Typ),Current - Peak Pulse (10/1000µs),2.5A (8/20µs),1733,Power - Peak Pulse,20W,Power Line Protection,No,Applications,"HDMI, USB",Capacitance @ Frequency,0.2pF @ 1MHz,Operating Temperature,String,-40°C ~ 125°C (TA),Mounting Type,Surface Mount,Package / Case,3-XFDFN,818,-,Active,296-48543-1-ND
13,2,Rohs3Compliant,KEMET,Capacitors,Ceramic Capacitors,,C0603C609C5GACAUTO,https://search.kemet.com/download/datasheet/C0603C609C5GACAUTO,C0G Dielectric 10-250v Automotive,399-C0603C609C5GACAUTOTR-ND,11676814,1,Tape & Reel (TR),0.12466,4000,CAP CER 6PF 50V C0G/NP0 0603,Capacitance,6 pF,3,Tolerance,±0.25pF,Voltage - Rated,50V,17,Temperature Coefficient,"C0G, NP0",Operating Temperature,-55°C ~ 125°C,Features,Low ESL,707,Ratings,AEC-Q200,Applications,Automotive,Failure Rate,-,Mounting Type,"Surface Mount, MLCC",Package / Case,String,0603 (1608 Metric),Size / Dimension,"0.063"" L x 0.031"" W (1.60mm x 0.80mm)",Height - Seated (Max),-,70697,SMD Auto C0G,Active,399-C0603C609C5GACAUTOCT-ND
16,,Rohs3Compliant,JST Sales America Inc.,"Connectors, Interconnects",Rectangular Connectors,"Headers, Male Pins",BM05B-SRSS-TB,//mm.digikey.com/Volume0/opasdata/d220001/medias/docus/5562/SH%20Connector.pdf,BM05B-SRSS-TB(LF)(SN),455-BM05B-SRSS-TBTR-ND,926697,1,Tape & Reel (TR),0.31303,1500,CONN HEADER SMD 5POS 1MM,Connector Type,Header,512,Contact Type,Male Pin,Pitch - Mating,"0.039"" (1.00mm)",88,Number of Positions,5,Number of Rows,1,Row Spacing - Mating,-,564,Number of Positions Loaded,All,Style,Board to Cable/Wire,Shrouding,Shrouded - 4 Wall,Mounting Type,Surface Mount,Termination,String,Solder,Fastening Type,Push-Pull,Contact Length - Mating,-,86050,SH/SR,Active,455-BM05B-SRSS-TBCT-ND
4,2,Rohs3Compliant,Samtec Inc.,"Connectors, Interconnects",Rectangular Connectors,"Headers, Male Pins",TSM-102-01-L-SV,https://suddendocs.samtec.com/catalog_english/tsm.pdf,TSM Catalog,SAM8979-ND,2685520,3,Bulk,0.32,1,CONN HEADER SMD 2POS 2.54MM,Connector Type,"Header, Cuttable",512,Contact Type,Male Pin,Pitch - Mating,"0.100"" (2.54mm)",88,Number of Positions,2,Number of Rows,1,Row Spacing - Mating,-,564,Number of Positions Loaded,All,Style,Board to Board or Cable,Shrouding,Unshrouded,Mounting Type,Surface Mount,Termination,String,Solder,Fastening Type,Push-Pull,Contact Length - Mating,"0.230"" (5.84mm)",50192,TSM,Active,
13,2,Rohs3Compliant,STMicroelectronics,Integrated Circuits (ICs),Embedded,Microcontrollers,STM32U585ZIT6,https://www.st.com/content/ccc/resource/technical/document/datasheet/group3/98/b4/c0/ea/f9/f5/45/2e/DM00639779/files/DM00639779.pdf/jcr:content/translations/en.DM00639779.pdf,STM32U585xx,497-STM32U585ZIT6-ND,18085401,3,Bulk,11.1,1,IC MCU 32BIT 2MB FLASH 144LQFP,Core Processor,ARM® Cortex®-M33,689,Core Size,32-Bit,Speed,160MHz,1113,Connectivity,"CANbus, I2C, IrDA, LINbus, MMC/SD/SDIO, SAI, SmartCard, SPDIF, SPI, UART/USART, USB, USB OTG",Peripherals,"Brown-out Detect/Reset, DMA, LCD, Motor Control PWM, POR, PWM, WDT",Number of I/O,114,155,Program Memory Size,2MB (2M x 8),Program Memory Type,FLASH,EEPROM Size,-,RAM Size,784K x 8,Voltage - Supply (Vcc/Vdd),String,1.71V ~ 3.6V,Data Converters,A/D 24x12/14b SAR; D/A 2x12b,Oscillator Type,"External, Internal",94713,STM32U5,Active,
18,2,Rohs3Compliant,YAGEO,Resistors,Chip Resistor - Surface Mount,,RC0603FR-075K1L,https://www.yageogroup.com/content/datasheet/asset/file/PYU-RC_GROUP_51_ROHS_L,RC L Datasheet,311-5.10KHRTR-ND,727268,1,Tape & Reel (TR),0.00204,5000,RES 5.1K OHM 1% 1/10W 0603,Resistance,5.1 kOhms,3,Tolerance,±1%,Power (Watts),"0.1W, 1/10W",174,Composition,Thick Film,Features,Moisture Resistant,Temperature Coefficient,±100ppm/°C,252,Operating Temperature,-55°C ~ 155°C,Package / Case,0603 (1608 Metric),Supplier Device Package,603,Size / Dimension,"0.063"" L x 0.031"" W (1.60mm x 0.80mm)",Height - Seated (Max),String,"0.022"" (0.55mm)",Number of Terminations,2,Failure Rate,-,81248,RC_L,Active,311-5.10KHRCT-ND
4,2,Rohs3Compliant,Microchip Technology,Integrated Circuits (ICs),Power Management (PMIC),Battery Chargers,MCP73831T-2ACI/OT,https://ww1.microchip.com/downloads/aemDocuments/documents/APID/ProductDocuments/DataSheets/MCP73831-Family-Data-Sheet-DS20001984H.pdf,MCP73831/2 Datasheet,MCP73831T-2ACI/OTTR-ND,964301,1,Tape & Reel (TR),0.5831,3000,IC BATT CNTL LI-ION 1CEL SOT23-5,Battery Chemistry,Lithium Ion/Polymer,36,Number of Cells,1,Current - Charging,Constant - Programmable,1680,Programmable Features,Current,Fault Protection,Over Voltage,Charge Current - Max,500mA,1971,Battery Pack Voltage,4.2V,Voltage - Supply (Max),6V,Interface,-,Operating Temperature,-40°C ~ 85°C (TA),Mounting Type,String,Surface Mount,Package / Case,"SC-74A, SOT-753",Supplier Device Package,SOT-23-5,818,-,Active,MCP73831T-2ACI/OTCT-ND
18,2,Rohs3Compliant,YAGEO,Resistors,Chip Resistor - Surface Mount,,AC0603FR-072KL,https://www.yageogroup.com/content/datasheet/asset/file/PYU-AC_51_ROHS_L,AC Datasheet,YAG3590TR-ND,5895998,1,Tape & Reel (TR),0.00306,5000,RES SMD 2K OHM 1% 1/10W 0603,Resistance,2 kOhms,3,Tolerance,±1%,Power (Watts),"0.1W, 1/10W",174,Composition,Thick Film,Features,"Automotive AEC-Q200, Moisture Resistant",Temperature Coefficient,±100ppm/°C,252,Operating Temperature,-55°C ~ 155°C,Package / Case,0603 (1608 Metric),Supplier Device Package,603,Ratings,-,Size / Dimension,String,"0.063"" L x 0.031"" W (1.60mm x 0.80mm)",Height - Seated (Max),"0.022"" (0.55mm)",Number of Terminations,2,2344,AC,Active,YAG3590CT-ND
12,2,Rohs3Compliant,Newhaven Display Intl,Optoelectronics,Optoelectronics Accessories,,NHD-FFC40,https://newhavendisplay.com/content/specs/Drawing-NHD-FFC40.pdf,NHD-FFC40 Drawing,NHD-FFC40-ND,2165899,3,Bulk,12,1,PCB ADAPTER 40P FFC-THRU-HOLE,Accessory Type,Adapter,47,For Use With/Related Products,LCD Display,,,,,,,,,,,,,,,,,,,,,,,,,,818,-,Active,
2,2,Rohs3Compliant,Chip Quik Inc.,"Soldering, Desoldering, Rework Products","Solder Stencils, Templates",,PA0188-S,http://www.chipquik.com/datasheets/PA0188-S.pdf,PA0188-S,PA0188-S-ND,3681438,3,Bulk,11.59,1,STENCIL TQFP-144 .5MM,Type,TQFP,2245,Number of Positions,144,Pitch,"0.020"" (0.50mm)",1728,Outer Dimension,"1.950"" L x 1.350"" W (49.53mm x 34.29mm)",Inner Dimension,"0.787"" L x 0.787"" W (20.00mm x 20.00mm)",Thermal Center Pad,-,70,Material,Stainless Steel,Thickness,"0.0040"" (0.102mm)",,,,,,,,,,,,70574,Proto-Advantage PA,Active,
2,2,Rohs3Compliant,Chip Quik Inc.,"Soldering, Desoldering, Rework Products","Solder Stencils, Templates",,PA0109-S,http://www.chipquik.com/datasheets/PA0109-S.pdf,PA0109-S Datasheet,PA0109-S-ND,5015123,3,Bulk,11.59,1,VQFP-100/TQFP-100 STENCIL,Type,TQFP,2245,Number of Positions,100,Pitch,"0.020"" (0.50mm)",1728,Outer Dimension,"1.300"" L x 0.900"" W (33.02mm x 22.86mm)",Inner Dimension,"0.551"" L x 0.551"" W (14.00mm x 14.00mm)",Thermal Center Pad,-,70,Material,Stainless Steel,Thickness,"0.0040"" (0.102mm)",,,,,,,,,,,,70574,Proto-Advantage PA,Active,
2,2,Rohs3Compliant,Chip Quik Inc.,"Soldering, Desoldering, Rework Products","Solder Stencils, Templates",,PA0020-S,http://www.chipquik.com/datasheets/PA0020-S.pdf,PA0020-S,PA0020-S-ND,3681422,3,Bulk,11.59,1,STENCIL SSOP-28 .65MM,Type,SSOP,2245,Number of Positions,28,Pitch,"0.026"" (0.65mm)",1728,Outer Dimension,"1.300"" L x 0.900"" W (33.02mm x 22.86mm)",Inner Dimension,-,Thermal Center Pad,-,70,Material,Stainless Steel,Thickness,"0.0040"" (0.102mm)",,,,,,,,,,,,70574,Proto-Advantage PA,Active,
4,2,Rohs3Compliant,Chip Quik Inc.,"Soldering, Desoldering, Rework Products","Solder Stencils, Templates",,NDR050P060-S,http://www.chipquik.com/datasheets/NDR050P060-S.pdf,NDR050P060-S Datasheet,315-NDR050P060-S-ND,10413676,3,Bulk,11.59,1,NARROW DUAL ROW 0.5MM PITCH 60-P,Type,-,2245,Number of Positions,60,Pitch,"0.020"" (0.50mm)",1728,Outer Dimension,-,Inner Dimension,-,Thermal Center Pad,-,70,Material,Stainless Steel,Thickness,-,,,,,,,,,,,,80320,Proto-Advantage NDR,Active,
20,2,Rohs3Compliant,STMicroelectronics,Integrated Circuits (ICs),Embedded,Application Specific Microcontrollers,ST33HTPH2X32AHE4,https://www.st.com/resource/en/datasheet/st33tphf2xspi.pdf,ST33HTPH2X32AHE4_DS_Nov24,497-ST33HTPH2X32AHE4CT-ND,27687207,2,Cut Tape (CT),4.01,1,ST33HTPH2X32AHE4,Applications,Trusted Platform Module (TPM),506,Core Processor,SecurCore® SC300™,Program Memory Type,FLASH,282,Controller Series,ST33TPHF2ESPI,RAM Size,-,Interface,SPI,2208,Number of I/O,2,Voltage - Supply,"1.8V, 3.3V",Operating Temperature,-40°C ~ 105°C (TA),Mounting Type,Surface Mount,Package / Case,String,32-VFQFN Exposed Pad,Supplier Device Package,32-VFQFPN (5x5),,,82808,ST33,Active,497-ST33HTPH2X32AHE4DKR-ND
13,2,Rohs3Compliant,STMicroelectronics,Integrated Circuits (ICs),Embedded,Microcontrollers,STM32U375VGT6Q,https://www.st.com/resource/en/datasheet/stm32u375kg.pdf,STM32U375xx Datasheet,497-STM32U375VGT6Q-ND,26092108,17,Tray,6.71,1,ULTRA-LOW-POWER WITH FPU ARM COR,Core Processor,ARM® Cortex®-M33F,689,Core Size,32-Bit,Speed,96MHz,1113,Connectivity,"CANbus, I2C, IrDA, LINbus, SAI, SmartCard, SPDIF, SPI, UART/USART, USB",Peripherals,"Brown-out Detect/Reset, DMA, Motor Control PWM, POR, PWM, WDT",Number of I/O,79,155,Program Memory Size,1MB (1M x 8),Program Memory Type,FLASH,EEPROM Size,-,RAM Size,256K x 8,Voltage - Supply (Vcc/Vdd),String,1.71V ~ 3.6V,Data Converters,A/D 18x12b SAR; D/A 2x12b,Oscillator Type,Internal,136615,STM32U3,Active,
15,2,Rohs3Compliant,STMicroelectronics,Integrated Circuits (ICs),Embedded,Microcontrollers,STM32L073RZT6TR,https://www.st.com/content/ccc/resource/technical/document/datasheet/d8/b3/7b/dc/18/22/44/f5/DM00141036.pdf/files/DM00141036.pdf/jcr:content/translations/en.DM00141036.pdf,"STM32L073x8, xB, xZ Datasheet",497-STM32L073RZT6TR-ND,8257885,1,Tape & Reel (TR),2.93906,1000,IC MCU 32BIT 192KB FLASH 64LQFP,DigiKey Programmable,Not Verified,506,Core Processor,ARM® Cortex®-M0+,Core Size,32-Bit,143,Speed,32MHz,Connectivity,"I2C, IrDA, LINbus, SPI, UART/USART, USB",Peripherals,"Brown-out Detect/Reset, DMA, I2S, LCD, POR, PWM, WDT",2208,Number of I/O,51,Program Memory Size,192KB (192K x 8),Program Memory Type,FLASH,EEPROM Size,6K x 8,RAM Size,String,20K x 8,Voltage - Supply (Vcc/Vdd),1.8V ~ 3.6V,Data Converters,A/D 15x12b; D/A 2x12b,44282,STM32L0,Active,497-STM32L073RZT6CT-ND
