invoice_id,date_shipped,dk_pn,mfr,mfr_pn,qty_shipped,gbp_unit_price,gbp_ext_price,datasheet_url,category,series,product_status,package_type,other_parameters
118610462,2025-12-02T10:58:52.794Z,497-STSAFA120DFSPL05-ND,STMicroelectronics,STSAFA120DFSPL05,10,1521.0,15.21,https://www.st.com/resource/en/datasheet/stsafe-a120.pdf,Integrated Circuits (ICs),-,Active,Bulk,"[{""Controller Series"": ""STSAFE-A""}]"
118610462,2025-12-02T10:58:52.794Z,497-STSAFA120DFSPL05-ND,STMicroelectronics,STSAFA120DFSPL05,10,1521.0,15.21,https://www.st.com/resource/en/datasheet/stsafe-a120.pdf,Integrated Circuits (ICs),-,Active,Bulk,"[{""Controller Series"": ""STSAFE-A""}]"
118610462,2025-12-02T10:58:52.794Z,497-STSAFA120DFSPL05-ND,STMicroelectronics,STSAFA120DFSPL05,10,1521.0,15.21,https://www.st.com/resource/en/datasheet/stsafe-a120.pdf,Integrated Circuits (ICs),-,Active,Bulk,"[{""Controller Series"": ""STSAFE-A""}]"
118610462,2025-12-02T10:58:52.794Z,497-STSAFA120DFSPL05-ND,STMicroelectronics,STSAFA120DFSPL05,10,1521.0,15.21,https://www.st.com/resource/en/datasheet/stsafe-a120.pdf,Integrated Circuits (ICs),-,Active,Bulk,"[{""Controller Series"": ""STSAFE-A""}]"
118610462,2025-12-02T10:58:52.794Z,497-STSAFA120S8SPL05CT-ND,STMicroelectronics,STSAFA120S8SPL05,10,1521.0,15.21,https://www.st.com/resource/en/datasheet/stsafe-a120.pdf,Integrated Circuits (ICs),-,Active,Cut Tape (CT),[]
118610462,2025-12-02T10:58:52.794Z,609-7712P0225A25LF-ND,Amphenol ICC (FCI),7712P0225A25LF,3,1960.0,5.88,https://cdn.amphenol-cs.com/media/wysiwyg/files/drawing/vjw53666.pdf,"Connectors, Interconnects",P,Active,Tray,"[{""Card Type"": ""Smart Card""}, {""Connector Type"": ""Connector""}, {""Insertion, Removal Method"": ""Push In, Pull Out""}, {""Ejector Side"": ""-""}, {""Height Above Board"": ""0.142\"" (3.60mm)""}, {""Mounting Feature"": ""Normal, Standard - Top""}, {""Contact Finish"": ""Gold or Gold-Palladium""}, {""Contact Finish Thickness"": ""-""}]"
118610462,2025-12-02T10:58:52.794Z,609-1404-ND,Amphenol ICC (FCI),7334L2622F01LF,5,880.0,4.4,https://cdn.amphenol-icc.com/media/wysiwyg/files/drawing/vjw54701.pdf,"Connectors, Interconnects",L26,Active,Tray,"[{""Card Type"": ""Smart Card""}, {""Connector Type"": ""Connector""}, {""Insertion, Removal Method"": ""Push In, Pull Out""}, {""Ejector Side"": ""-""}, {""Height Above Board"": ""0.244\"" (6.20mm)""}, {""Mounting Feature"": ""Normal, Standard - Top""}, {""Contact Finish"": ""Gold, GXT™""}, {""Contact Finish Thickness"": ""-""}]"
118610462,2025-12-02T10:58:52.794Z,732-3814-1-ND,Würth Elektronik,693010020611,10,1212.0,12.12,https://www.we-online.com/components/products/datasheet/693010020611.pdf,"Connectors, Interconnects",WR-CRD,Active,Cut Tape (CT),"[{""Card Type"": ""SIM Card""}, {""Connector Type"": ""Connector""}, {""Insertion, Removal Method"": ""Push In, Pull Out""}, {""Ejector Side"": ""-""}, {""Height Above Board"": ""0.071\"" (1.80mm)""}, {""Mounting Feature"": ""Normal, Standard - Top""}, {""Contact Finish"": ""Gold""}, {""Contact Finish Thickness"": ""-""}]"
118610462,2025-12-02T10:58:52.794Z,497-ST33KTPM2X32DKG9CT-ND,STMicroelectronics,ST33KTPM2X32DKG9,10,2324.0,23.24,https://www.st.com/resource/en/data_brief/st33ktpm2x.pdf,Integrated Circuits (ICs),-,Active,Cut Tape (CT),"[{""Controller Series"": ""ST33K""}]"
118610462,2025-12-02T10:58:52.794Z,785-1565-1-ND,Alpha & Omega Semiconductor Inc.,AOD424,100,423.7,42.37,https://cms.aosmd.com/api/product/1542/combine-support-documents?resources=1793,Discrete Semiconductor Products,-,Active,Cut Tape (CT),"[{""FET Type"": ""N-Channel""}, {""Drain to Source Voltage (Vdss)"": ""20 V""}, {""Current - Continuous Drain (Id) @ 25°C"": ""18A (Ta), 45A (Tc)""}, {""Drive Voltage (Max Rds On, Min Rds On)"": ""2.5V, 4.5V""}, {""Rds On (Max) @ Id, Vgs"": ""4.4mOhm @ 20A, 4.5V""}, {""Vgs(th) (Max) @ Id"": ""1.6V @ 250µA""}, {""Gate Charge (Qg) (Max) @ Vgs"": ""43 nC @ 10 V""}, {""Vgs (Max)"": ""±12V""}, {""Input Capacitance (Ciss) (Max) @ Vds"": ""4630 pF @ 10 V""}, {""FET Feature"": ""-""}, {""Power Dissipation (Max)"": ""2.5W (Ta), 100W (Tc)""}]"
118610462,2025-12-02T10:58:52.794Z,IPC0014-S-ND,Chip Quik Inc.,IPC0014-S,1,8890.0,8.89,http://www.chipquik.com/datasheets/IPC0014-S.pdf,"Soldering, Desoldering, Rework Products",Proto-Advantage IPC,Active,Bulk,[]
118610462,2025-12-02T10:58:52.794Z,PA0094-S-ND,Chip Quik Inc.,PA0094-S,1,8890.0,8.89,http://www.chipquik.com/datasheets/PA0094-S.pdf,"Soldering, Desoldering, Rework Products",Proto-Advantage PA,Active,Bulk,[]
118610462,2025-12-02T10:58:52.794Z,IPC0044-S-ND,Chip Quik Inc.,IPC0044-S,1,8890.0,8.89,http://www.chipquik.com/datasheets/IPC0044-S.pdf,"Soldering, Desoldering, Rework Products",Proto-Advantage IPC,Active,Bulk,[]
118610462,2025-12-02T10:58:52.794Z,315-FPC050P040-DPT-S-ND,Chip Quik Inc.,FPC050P040-DPT-S,1,11580.0,11.58,https://www.chipquik.com/datasheets/FPC050P040-DPT-S.pdf,"Soldering, Desoldering, Rework Products",Proto-Advantage FPC,Active,Bulk,[]
118610462,2025-12-02T10:58:52.794Z,IPC0079-S-ND,Chip Quik Inc.,IPC0079-S,1,8890.0,8.89,http://www.chipquik.com/datasheets/IPC0079-S.pdf,"Soldering, Desoldering, Rework Products",Proto-Advantage IPC,Active,Bulk,[]
118610462,2025-12-02T10:58:52.794Z,IPC0024-S-ND,Chip Quik Inc.,IPC0024-S,1,8890.0,8.89,http://www.chipquik.com/datasheets/IPC0024-S.pdf,"Soldering, Desoldering, Rework Products",Proto-Advantage IPC,Active,Bulk,[]
118610462,2025-12-02T10:58:52.794Z,IPC0020-S-ND,Chip Quik Inc.,IPC0020-S,1,8890.0,8.89,http://www.chipquik.com/datasheets/IPC0020-S.pdf,"Soldering, Desoldering, Rework Products",Proto-Advantage IPC,Active,Bulk,[]
118610462,2025-12-02T10:58:52.794Z,PA0001-S-ND,Chip Quik Inc.,PA0001-S,1,8890.0,8.89,http://www.chipquik.com/datasheets/PA0001-S.pdf,"Soldering, Desoldering, Rework Products",Proto-Advantage PA,Active,Bulk,[]
118610462,2025-12-02T10:58:52.794Z,315-SS-METAL-0.2-68X36-ND,Chip Quik Inc.,SS-METAL-0.2-68X36,1,7630.0,7.63,http://www.chipquik.com/datasheets/SS-METAL-0.2-68X36.pdf,"Soldering, Desoldering, Rework Products",-,Active,Bulk,"[{""Accessory Type"": ""Stencil Squeegee""}, {""For Use With/Related Products"": ""Boards, Stencils""}, {""Shelf Life"": ""-""}, {""Shelf Life Start"": ""-""}, {""Storage/Refrigeration Temperature"": ""-""}]"
118610462,2025-12-02T10:58:52.794Z,ADAPT_COMBO-ND,Chip Quik Inc.,ADAPT_COMBO,5,7280.0,36.4,http://www.chipquik.com/datasheets/ADAPT_COMBO.pdf,Kits,Proto-Advantage,Active,Bulk,"[{""Kit Type"": ""Adapter, Breakout Boards""}, {""Quantity"": ""5 Pieces (5 Values - 1 Each)""}, {""Specifications"": ""SMD to DIP""}]"
118610462,2025-12-02T10:58:52.794Z,ATTINY13A-SSU-ND,Microchip Technology,ATTINY13A-SSU,25,537.2,13.43,https://ww1.microchip.com/downloads/en/DeviceDoc/ATtiny13A-Data-Sheet-DS40002307A.pdf,Integrated Circuits (ICs),AVR® ATtiny,Active,Tube,[]
118610462,2025-12-02T10:58:52.794Z,ATTINY87-XURCT-ND,Microchip Technology,ATTINY87-XUR,5,1810.0,9.05,https://ww1.microchip.com/downloads/en/DeviceDoc/ATtiny87-167-DataSheet-DS40002167A.pdf,Integrated Circuits (ICs),AVR® ATtiny,Active,Cut Tape (CT),[]
118610462,2025-12-02T10:58:52.794Z,296-9242-1-ND,Texas Instruments,CD74HC85M96,25,348.8,8.72,https://www.ti.com/general/docs/suppproductinfo.tsp?distId=10&gotoUrl=https%3A%2F%2Fwww.ti.com%2Flit%2Fgpn%2Fcd74hc85,Integrated Circuits (ICs),74HC,Active,Cut Tape (CT),"[{""Number of Bits"": ""4""}, {""Output"": ""Active High""}, {""Output Function"": ""A<B, A=B, A>B""}, {""Current - Output High, Low"": ""5.2mA, 5.2mA""}, {""Max Propagation Delay @ V, Max CL"": ""33ns @ 6V, 50pF""}, {""Current - Quiescent (Iq)"": ""8 µA""}]"
118610462,2025-12-02T10:58:52.794Z,MCP1501T-33E/CHYCT-ND,Microchip Technology,MCP1501T-33E/CHY,25,483.2,12.08,https://ww1.microchip.com/downloads/aemDocuments/documents/MSLD/ProductDocuments/DataSheets/MCP1501-Data-Sheet-DS20005474F.pdf,Integrated Circuits (ICs),-,Active,Cut Tape (CT),"[{""Reference Type"": ""Series""}, {""Voltage - Output (Min/Fixed)"": ""3.3V""}, {""Current - Output"": ""20 mA""}, {""Noise - 0.1Hz to 10Hz"": ""-""}, {""Noise - 10Hz to 10kHz"": ""-""}, {""Voltage - Input"": ""3.5V ~ 5.5V""}]"
118610462,2025-12-02T10:58:52.794Z,114-SG-210STF16.0000ML0CT-ND,EPSON,SG-210STF 16.0000ML0,25,459.6,11.49,https://support.epson.biz/td/api/doc_check.php?dl=brief_SG-210STF&lang=en,"Crystals, Oscillators, Resonators",SG-210STF,Active,Cut Tape (CT),"[{""Base Resonator"": ""Crystal""}, {""Frequency"": ""16 MHz""}, {""Output"": ""CMOS""}, {""Frequency Stability"": ""±50ppm""}, {""Absolute Pull Range (APR)"": ""-""}, {""Current - Supply (Max)"": ""1.8mA""}, {""Current - Supply (Disable) (Max)"": ""2.7µA""}]"
118610462,2025-12-02T10:58:52.794Z,SER3956CT-ND,EPSON,SG5032CAN 8.000000M-TJGA3,10,1561.0,15.61,https://support.epson.biz/td/api/doc_check.php?dl=brief_SG7050CAN&lang=en,"Crystals, Oscillators, Resonators",SG5032CAN,Active,Cut Tape (CT),"[{""Base Resonator"": ""Crystal""}, {""Frequency"": ""8 MHz""}, {""Output"": ""CMOS""}, {""Frequency Stability"": ""±50ppm""}, {""Absolute Pull Range (APR)"": ""-""}, {""Current - Supply (Max)"": ""3mA""}, {""Current - Supply (Disable) (Max)"": ""2.7µA""}]"
118610462,2025-12-02T10:58:52.794Z,568-12403-1-ND,NXP USA Inc.,PCF85063AT/AY,50,452.8,22.64,http://www.nxp.com/docs/en/data-sheet/PCF85063A.pdf,Integrated Circuits (ICs),-,Active,Cut Tape (CT),"[{""Time Format"": ""HH:MM:SS (12/24 hr)""}, {""Date Format"": ""YY-MM-DD-dd""}, {""Voltage - Supply, Battery"": ""-""}, {""Current - Timekeeping (Max)"": ""0.6µA @ 3.3V""}]"
118566085,2025-12-01T11:03:00.443Z,401-1775-1-ND,C&K,KSC401J 50SH LFS,25,396.4,9.91,https://www.ckswitches.com/media/1970/ksc4.pdf,Switches,KSC,Active,Cut Tape (CT),"[{""Circuit"": ""SPST-NO""}, {""Switch Function"": ""Off-Mom""}, {""Contact Rating @ Voltage"": ""0.05A @ 32VDC""}, {""Actuator Type"": ""Standard""}, {""Actuator Height off PCB, Vertical"": ""5.20mm""}, {""Actuator Length, Right Angle"": ""-""}, {""Actuator Orientation"": ""Top Actuated""}, {""Termination Style"": ""J Lead""}, {""Outline"": ""6.20mm x 6.20mm""}, {""Illumination"": ""Non-Illuminated""}, {""Illumination Type, Color"": ""-""}, {""Illumination Voltage (Nominal)"": ""-""}, {""Operating Force"": ""145gf""}, {""Ingress Protection"": ""IP67 - Dust Tight, Waterproof""}, {""Actuator Material"": ""-""}, {""Switch Travel"": ""0.50mm""}, {""Mechanical Life"": ""5,000,000 Cycles""}]"
118566085,2025-12-01T11:03:00.443Z,P10863S-ND,Panasonic Electronic Components,ESE-11SH2C,50,269.2,13.46,https://industrial.panasonic.com/cdbs/www-data/pdf/ATB0000/ATB0000C14.pdf,Switches,ESE11,Active,Bulk,"[{""Circuit"": ""SPST-NO""}, {""Switch Function"": ""Off-Mom""}, {""Voltage Rating - DC"": ""5 V""}, {""Actuator Type"": ""Overtravel Plunger""}, {""Termination Style"": ""PC Pin""}, {""Ingress Protection"": ""-""}, {""Operating Force"": ""35gf""}, {""Release Force"": ""-""}, {""Operating Position"": ""0.183\"" (4.65mm)""}, {""Pretravel"": ""-""}, {""Differential Travel"": ""-""}, {""Overtravel"": ""-""}, {""Mechanical Life"": ""50,000 Cycles""}, {""Electrical Life"": ""50,000 Cycles""}]"
118566085,2025-12-01T11:03:00.443Z,23K640T-I/SNCT-ND,Microchip Technology,23K640T-I/SN,50,620.0,31.0,https://ww1.microchip.com/downloads/en/DeviceDoc/22126E.pdf,Integrated Circuits (ICs),-,Active,Cut Tape (CT),[]
118566085,2025-12-01T11:03:00.443Z,APX803L20-29SA-7DICT-ND,Diodes Incorporated,APX803L20-29SA-7,100,95.4,9.54,https://www.diodes.com/assets/Datasheets/APX803L.pdf,Integrated Circuits (ICs),-,Active,Cut Tape (CT),"[{""Number of Voltages Monitored"": ""1""}, {""Voltage - Threshold"": ""2.9V""}, {""Output"": ""Open Drain or Open Collector""}, {""Reset"": ""Active Low""}, {""Reset Timeout"": ""143ms Minimum""}]"
118566085,2025-12-01T11:03:00.443Z,576-3191-1-ND,Microchip Technology,MIC5365-3.0YC5-TR,100,92.1,9.21,https://ww1.microchip.com/downloads/en/DeviceDoc/mic5365.pdf,Integrated Circuits (ICs),-,Active,Cut Tape (CT),"[{""Output Configuration"": ""Positive""}, {""Number of Regulators"": ""1""}, {""Voltage - Input (Max)"": ""5.5V""}, {""Voltage - Output (Min/Fixed)"": ""3V""}, {""Voltage - Output (Max)"": ""-""}, {""Voltage Dropout (Max)"": ""0.31V @ 150mA""}, {""Current - Output"": ""150mA""}, {""Current - Quiescent (Iq)"": ""39 µA""}, {""PSRR"": ""80dB ~ 65dB (1kHz ~ 10kHz)""}, {""Control Features"": ""Enable""}, {""Protection Features"": ""Over Current, Over Temperature""}]"
118566085,2025-12-01T11:03:00.443Z,BSS84CT-ND,onsemi,BSS84,1,260.0,0.26,https://www.onsemi.com/pdf/datasheet/bss84-d.pdf,Discrete Semiconductor Products,-,Active,Cut Tape (CT),"[{""FET Type"": ""P-Channel""}, {""Drain to Source Voltage (Vdss)"": ""50 V""}, {""Current - Continuous Drain (Id) @ 25°C"": ""130mA (Ta)""}, {""Drive Voltage (Max Rds On, Min Rds On)"": ""4.5V, 10V""}, {""Rds On (Max) @ Id, Vgs"": ""8Ohm @ 150mA, 10V""}, {""Vgs(th) (Max) @ Id"": ""2V @ 250µA""}, {""Gate Charge (Qg) (Max) @ Vgs"": ""1.3 nC @ 5 V""}, {""Vgs (Max)"": ""±20V""}, {""Input Capacitance (Ciss) (Max) @ Vds"": ""73 pF @ 25 V""}, {""FET Feature"": ""-""}, {""Power Dissipation (Max)"": ""225mW (Ta)""}]"
118566085,2025-12-01T11:03:00.443Z,BSS84CT-ND,onsemi,BSS84,100,99.4,9.94,https://www.onsemi.com/pdf/datasheet/bss84-d.pdf,Discrete Semiconductor Products,-,Active,Cut Tape (CT),"[{""FET Type"": ""P-Channel""}, {""Drain to Source Voltage (Vdss)"": ""50 V""}, {""Current - Continuous Drain (Id) @ 25°C"": ""130mA (Ta)""}, {""Drive Voltage (Max Rds On, Min Rds On)"": ""4.5V, 10V""}, {""Rds On (Max) @ Id, Vgs"": ""8Ohm @ 150mA, 10V""}, {""Vgs(th) (Max) @ Id"": ""2V @ 250µA""}, {""Gate Charge (Qg) (Max) @ Vgs"": ""1.3 nC @ 5 V""}, {""Vgs (Max)"": ""±20V""}, {""Input Capacitance (Ciss) (Max) @ Vds"": ""73 pF @ 25 V""}, {""FET Feature"": ""-""}, {""Power Dissipation (Max)"": ""225mW (Ta)""}]"
118566085,2025-12-01T11:03:00.443Z,1080-1019-ND,Everlight Electronics Co Ltd,ALS-PT204-6C/L177,50,251.0,12.55,//mm.digikey.com/Volume0/opasdata/d220001/medias/docus/885/ALS-PT204-6C%2CL177.pdf,"Sensors, Transducers",-,Active,Bag,"[{""Voltage - Collector Emitter Breakdown (Max)"": ""5.5 V""}, {""Current - Dark (Id) (Max)"": ""100 nA""}, {""Wavelength"": ""630nm""}, {""Viewing Angle"": ""-""}, {""Orientation"": ""-""}]"
118566085,2025-12-01T11:03:00.443Z,1080-1244-1-ND,Everlight Electronics Co Ltd,ALS-PT19-315C/L177/TR8,100,134.1,13.41,https://www.everlighteurope.com/custom/files/datasheets/DLS-0000039.pdf,"Sensors, Transducers",-,Active,Cut Tape (CT),"[{""Voltage - Collector Emitter Breakdown (Max)"": ""5.5 V""}, {""Current - Dark (Id) (Max)"": ""100 nA""}, {""Wavelength"": ""630nm""}, {""Viewing Angle"": ""-""}, {""Orientation"": ""-""}]"
118566085,2025-12-01T11:03:00.443Z,1830-IN-S63DTLSCT-ND,Inolux,IN-S63DTLS,20,227.0,4.54,https://www.inolux-corp.com/datasheet/IR/Sensor/Ambient%20Light%20Sensor/IN-S63DTLS_V1.0.pdf,"Sensors, Transducers",-,Active,Cut Tape (CT),"[{""Wavelength"": ""630nm""}, {""Proximity Detection"": ""No""}]"
118566085,2025-12-01T11:03:00.443Z,PTS0603100CT-ND,Vishay,PTS060301B100RP100,15,1011.0,15.17,https://www.vishay.com/docs/28762/pts.pdf,"Sensors, Transducers",PTS,Active,Cut Tape (CT),"[{""Resistance @ 0°C"": ""100 Ohms""}, {""Resistance Tolerance"": ""±0.3%""}, {""RTD Material"": ""Platinum (Pt)""}, {""Termination"": ""SMD (SMT) Tabs""}, {""Accuracy"": ""-""}, {""Current"": ""500 µA""}]"
118566085,2025-12-01T11:03:00.443Z,1759-1020-ND,Yageo Nexensos,32208548,10,1610.0,16.1,https://www.yageogroup.com/component-documentation/download/specsheet/32208548,"Sensors, Transducers",M222,Active,Bulk,"[{""Resistance @ 0°C"": ""100 Ohms""}, {""Resistance Tolerance"": ""±0.12%""}, {""RTD Material"": ""Platinum (Pt)""}, {""Termination"": ""PC Pins""}, {""Accuracy"": ""±0.3°C""}, {""Current"": ""1 mA""}]"
118566085,2025-12-01T11:03:00.443Z,544-2805-ND,Altera,5M240ZT144C5N,1,5300.0,5.3,//mm.digikey.com/Volume0/opasdata/d220001/medias/docus/6165/mv5v1_01.pdf,Integrated Circuits (ICs),MAX® V,Active,Tray,"[{""Programmable Type"": ""In System Programmable""}, {""Delay Time tpd(1) Max"": ""7.5 ns""}, {""Voltage Supply - Internal"": ""1.71V ~ 1.89V""}, {""Number of Logic Elements/Blocks"": ""240""}, {""Number of Macrocells"": ""192""}]"
118566085,2025-12-01T11:03:00.443Z,497-STM32C011J6M6-ND,STMicroelectronics,STM32C011J6M6,10,414.0,4.14,https://www.st.com/resource/en/datasheet/stm32c011d6.pdf,Integrated Circuits (ICs),STM32C0,Active,Tube,[]
118566085,2025-12-01T11:03:00.443Z,497-STM32C011J6M6-ND,STMicroelectronics,STM32C011J6M6,10,414.0,4.14,https://www.st.com/resource/en/datasheet/stm32c011d6.pdf,Integrated Circuits (ICs),STM32C0,Active,Tube,[]
118566085,2025-12-01T11:03:00.443Z,ATTINY402-SSNRCT-ND,Microchip Technology,ATTINY402-SSNR,25,360.8,9.02,http://ww1.microchip.com/downloads/en/DeviceDoc/ATtiny202-402-AVR-MCU-with-Core-Independent-Peripherals_and-picoPower-40001969A.pdf,Integrated Circuits (ICs),"tinyAVR™ 0, Functional Safety (FuSa)",Active,Cut Tape (CT),[]
118566085,2025-12-01T11:03:00.443Z,732-18012115421HCT-ND,Würth Elektronik,18012115421H,50,870.2,43.51,https://www.we-online.com/components/products/datasheet/18012115421H.pdf,Isolators,WPME-CDIS,Active,Cut Tape (CT),"[{""Isolated Power"": ""Yes""}, {""Number of Channels"": ""2""}, {""Inputs - Side 1/Side 2"": ""1/1""}, {""Channel Type"": ""Unidirectional""}, {""Voltage - Isolation"": ""5000Vrms""}, {""Common Mode Transient Immunity (Min)"": ""150kV/µs (Typ)""}, {""Data Rate"": ""150Mbps""}, {""Propagation Delay tpLH / tpHL (Max)"": ""15ns, 15ns""}, {""Pulse Width Distortion (Max)"": ""4.5ns""}, {""Rise / Fall Time (Typ)"": ""2.5ns, 2.5ns""}]"
118566085,2025-12-01T11:03:00.443Z,160-1337-1-ND,Lite-On Inc.,LTV-356T,100,119.8,11.98,https://optoelectronics.liteon.com/upload/download/DS70-2001-010/LTV-356T%20series%20Rev.P.PDF,Isolators,LTV-356T,Active,Cut Tape (CT),"[{""Number of Channels"": ""1""}, {""Voltage - Isolation"": ""3750Vrms""}, {""Current Transfer Ratio (Min)"": ""50% @ 5mA""}, {""Current Transfer Ratio (Max)"": ""600% @ 5mA""}, {""Turn On / Turn Off Time (Typ)"": ""-""}, {""Rise / Fall Time (Typ)"": ""4µs, 3µs""}, {""Input Type"": ""DC""}, {""Voltage - Output (Max)"": ""80V""}, {""Current - Output / Channel"": ""50mA""}, {""Voltage - Forward (Vf) (Typ)"": ""1.2V""}, {""Current - DC Forward (If) (Max)"": ""50 mA""}, {""Vce Saturation (Max)"": ""200mV""}]"
118566085,2025-12-01T11:03:00.443Z,3757-2N7002K_R1_00001CT-ND,Panjit International Inc.,2N7002K_R1_00001,150,33.5,5.03,https://www.panjit.com.tw/upload/datasheet/2N7002K.pdf,Discrete Semiconductor Products,-,Active,Cut Tape (CT),"[{""FET Type"": ""N-Channel""}, {""Drain to Source Voltage (Vdss)"": ""60 V""}, {""Current - Continuous Drain (Id) @ 25°C"": ""300mA (Ta)""}, {""Drive Voltage (Max Rds On, Min Rds On)"": ""4.5V, 10V""}, {""Rds On (Max) @ Id, Vgs"": ""3Ohm @ 500mA, 10V""}, {""Vgs(th) (Max) @ Id"": ""2.5V @ 250µA""}, {""Gate Charge (Qg) (Max) @ Vgs"": ""0.8 nC @ 5 V""}, {""Vgs (Max)"": ""±20V""}, {""Input Capacitance (Ciss) (Max) @ Vds"": ""35 pF @ 25 V""}, {""FET Feature"": ""-""}, {""Power Dissipation (Max)"": ""350mW (Ta)""}]"
118554515,2025-12-01T10:16:17.324Z,MCP6002T-I/SNCT-ND,Microchip Technology,MCP6002T-I/SN,25,260.8,6.52,https://ww1.microchip.com/downloads/en/DeviceDoc/MCP6001-1R-1U-2-4-1-MHz-Low-Power-Op-Amp-DS20001733L.pdf,Integrated Circuits (ICs),-,Active,Cut Tape (CT),"[{""Amplifier Type"": ""Standard (General Purpose)""}, {""Slew Rate"": ""0.6V/µs""}, {""Gain Bandwidth Product"": ""1 MHz""}, {""Current - Input Bias"": ""1 pA""}, {""Voltage - Input Offset"": ""4.5 mV""}, {""Current - Output / Channel"": ""23 mA""}, {""Voltage - Supply Span (Min)"": ""1.8 V""}, {""Voltage - Supply Span (Max)"": ""6 V""}]"
118554515,2025-12-01T10:16:17.324Z,AP3012KTR-E1DICT-ND,Diodes Incorporated,AP3012KTR-E1,50,251.2,12.56,https://www.diodes.com/assets/Datasheets/AP3012.pdf,Integrated Circuits (ICs),-,Active,Cut Tape (CT),"[{""Output Configuration"": ""Positive""}, {""Topology"": ""Boost""}, {""Number of Outputs"": ""1""}, {""Voltage - Input (Min)"": ""2.6V""}, {""Voltage - Input (Max)"": ""16V""}, {""Voltage - Output (Min/Fixed)"": ""1.25V""}, {""Voltage - Output (Max)"": ""29V""}, {""Current - Output"": ""500mA (Switch)""}, {""Frequency - Switching"": ""1.5MHz""}, {""Synchronous Rectifier"": ""No""}]"
118554515,2025-12-01T10:16:17.324Z,311-1.00MCRCT-ND,YAGEO,RC0805FR-071ML,100,5.4,0.54,https://www.yageogroup.com/content/datasheet/asset/file/PYU-RC_GROUP_51_ROHS_L,Resistors,RC_L,Active,Cut Tape (CT),[]
118554515,2025-12-01T10:16:17.324Z,3362P-103LF-ND,Bourns Inc.,3362P-1-103LF,10,587.0,5.87,https://www.bourns.com/docs/Product-Datasheets/3362.pdf,"Potentiometers, Variable Resistors",Trimpot® 3362 - Sealed,Active,Tube,"[{""Number of Turns"": ""1.0""}, {""Adjustment Type"": ""Top Adjustment""}, {""Resistive Material"": ""Cermet""}, {""Termination Style"": ""PC Pins""}]"
118554515,2025-12-01T10:16:17.324Z,475-GRJTLPS1.23-G7H4-45-1-150-R33CT-ND,ams-OSRAM USA INC.,GR JTLPS1.23-G7H4-45-1-150-R33,50,169.0,8.45,https://look.ams-osram.com/m/607bcfc8f2afe539/original/GR-JTLPS1-23.pdf,Optoelectronics,DURIS® E 2835,Active,Cut Tape (CT),"[{""Color"": ""Red""}, {""Wavelength"": ""620nm (Typ)""}, {""Current - Test"": ""150mA""}, {""Voltage - Forward (Vf) (Typ)"": ""2.2V""}, {""Lumens/Watt @ Current - Test"": ""74 lm/W""}, {""Current - Max"": ""200mA""}, {""Luminous Flux @ Current/Temperature"": ""24lm (Typ)""}, {""Temperature - Test"": ""25°C""}, {""Viewing Angle"": ""120°""}, {""Thermal Resistance of Package"": ""9.7°C/W""}]"
118554515,2025-12-01T10:16:17.324Z,1416-1984-1-ND,Lumileds,L135-G525003500000,15,545.0,8.18,https://lumileds.com/wp-content/uploads/files/DS146-luxeon-3535l-color-line-datasheet.pdf,Optoelectronics,LUXEON 3535L,Active,Cut Tape (CT),"[{""Color"": ""Green""}, {""Wavelength"": ""530nm (520nm ~ 540nm)""}, {""Current - Test"": ""100mA""}, {""Voltage - Forward (Vf) (Typ)"": ""3.2V""}, {""Lumens/Watt @ Current - Test"": ""69 lm/W""}, {""Current - Max"": ""125mA""}, {""Luminous Flux @ Current/Temperature"": ""22lm (21lm ~ 23lm)""}, {""Temperature - Test"": ""25°C""}, {""Viewing Angle"": ""115°""}, {""Thermal Resistance of Package"": ""42°C/W""}]"
118554515,2025-12-01T10:16:17.324Z,23LCV512-I/SN-ND,Microchip Technology,23LCV512-I/SN,10,1590.0,15.9,https://ww1.microchip.com/downloads/en/DeviceDoc/23LCV512-512-Kbit-SPI-Serial-SRAM-with-Battery-Backup-and-SDI-Interface-20005157B.pdf,Integrated Circuits (ICs),-,Active,Tube,[]
118554515,2025-12-01T10:16:17.324Z,296-11601-1-ND,Texas Instruments,SN74LVC1G08DBVR,100,37.6,3.76,https://www.ti.com/general/docs/suppproductinfo.tsp?distId=10&gotoUrl=https%3A%2F%2Fwww.ti.com%2Flit%2Fgpn%2Fsn74lvc1g08,Integrated Circuits (ICs),74LVC,Active,Cut Tape (CT),"[{""Logic Type"": ""AND Gate""}, {""Number of Inputs"": ""2""}, {""Current - Quiescent (Max)"": ""10 µA""}, {""Current - Output High, Low"": ""32mA, 32mA""}, {""Input Logic Level - Low"": ""-""}, {""Input Logic Level - High"": ""-""}, {""Max Propagation Delay @ V, Max CL"": ""4ns @ 5V, 50pF""}]"
118554515,2025-12-01T10:16:17.324Z,CR0603-JW-472ELFCT-ND,Bourns Inc.,CR0603-JW-472ELF,100,6.6,0.66,https://bourns.com/docs/product-datasheets/cr.pdf?sfvrsn=574d41f6_14,Resistors,CR0603,Active,Cut Tape (CT),[]
118554515,2025-12-01T10:16:17.324Z,BZT52B12RHGCT-ND,Taiwan Semiconductor Corporation,BZT52B12 RHG,100,32.2,3.22,https://services.taiwansemi.com/storage/resources/datasheet/BZT52B2V4 series_F15.pdf,Discrete Semiconductor Products,-,Active,Cut Tape (CT),"[{""Voltage - Zener (Nom) (Vz)"": ""12 V""}, {""Power - Max"": ""500 mW""}, {""Impedance (Max) (Zzt)"": ""25 Ohms""}, {""Current - Reverse Leakage @ Vr"": ""90 nA @ 8 V""}, {""Voltage - Forward (Vf) (Max) @ If"": ""1 V @ 10 mA""}]"
118554515,2025-12-01T10:16:17.324Z,KIT-RMCF0603FT-04-ND,Stackpole Electronics Inc,KIT-RMCF0603FT-04,1,29460.0,29.46,https://www.seielect.com/catalog/sei-engineering kits.pdf,Kits,RMCF,Active,Book,"[{""Kit Type"": ""Thick Film""}, {""Resistance (Ohms)"": ""1k ~ 9.76k""}, {""Quantity"": ""1920 Pieces (96 Values - 20 Each)""}, {""Packages Included"": ""0603 (1608 Metric)""}]"
118554515,2025-12-01T10:16:17.324Z,RMCF0603FT22R0CT-ND,Stackpole Electronics Inc,RMCF0603FT22R0,500,3.68,1.84,https://www.seielect.com/catalog/SEI-RMCF_RMCP.pdf,Resistors,RMCF,Active,Cut Tape (CT),[]
118554515,2025-12-01T10:16:17.324Z,541-3988-1-ND,Vishay Dale,CRCW060333R0FKEAC,500,7.22,3.61,https://www.vishay.com/docs/28773/crcwce3.pdf,Resistors,CRCW-C,Active,Cut Tape (CT),[]
118554515,2025-12-01T10:16:17.324Z,RMCF0603FT330RCT-ND,Stackpole Electronics Inc,RMCF0603FT330R,500,3.68,1.84,https://www.seielect.com/catalog/SEI-RMCF_RMCP.pdf,Resistors,RMCF,Active,Cut Tape (CT),[]
118554515,2025-12-01T10:16:17.324Z,RMCF0603FT470RCT-ND,Stackpole Electronics Inc,RMCF0603FT470R,500,4.4,2.2,https://www.seielect.com/catalog/SEI-RMCF_RMCP.pdf,Resistors,RMCF,Active,Cut Tape (CT),[]
118554515,2025-12-01T10:16:17.324Z,RMCF0603FT1K00CT-ND,Stackpole Electronics Inc,RMCF0603FT1K00,500,3.68,1.84,https://www.seielect.com/catalog/SEI-RMCF_RMCP.pdf,Resistors,RMCF,Active,Cut Tape (CT),[]
118554515,2025-12-01T10:16:17.324Z,RMCF0603FT4K70CT-ND,Stackpole Electronics Inc,RMCF0603FT4K70,500,3.68,1.84,https://www.seielect.com/catalog/SEI-RMCF_RMCP.pdf,Resistors,RMCF,Active,Cut Tape (CT),[]
118554515,2025-12-01T10:16:17.324Z,RMCF0603FG100KCT-ND,Stackpole Electronics Inc,RMCF0603FG100K,500,2.54,1.27,https://www.seielect.com/catalog/SEI-RMCF_RMCP.pdf,Resistors,RMCF,Active,Cut Tape (CT),[]
118554515,2025-12-01T10:16:17.324Z,497-17239-1-ND,STMicroelectronics,LDL1117S33R,100,147.8,14.78,https://www.st.com/content/ccc/resource/technical/document/datasheet/group3/0e/5a/00/ca/10/1a/4f/a5/DM00366442/files/DM00366442.pdf/jcr:content/translations/en.DM00366442.pdf,Integrated Circuits (ICs),-,Active,Cut Tape (CT),"[{""Output Configuration"": ""Positive""}, {""Number of Regulators"": ""1""}, {""Voltage - Input (Max)"": ""18V""}, {""Voltage - Output (Min/Fixed)"": ""3.3V""}, {""Voltage - Output (Max)"": ""-""}, {""Voltage Dropout (Max)"": ""0.6V @ 1.2A""}, {""Current - Output"": ""1.2A""}, {""Current - Quiescent (Iq)"": ""500 µA""}, {""PSRR"": ""87dB ~ 65dB (120Hz ~ 100kHz)""}, {""Control Features"": ""-""}, {""Protection Features"": ""Over Current, Over Temperature, Under Voltage Lockout (UVLO)""}]"
118554515,2025-12-01T10:16:17.324Z,490-13055-1-ND,Murata Electronics,DFE252012F-2R2M=P2,100,126.2,12.62,https://www.murata.com/~/media/webrenewal/products/inductor/chip/tokoproducts/wirewoundmetalalloychiptype/m_dfe252012f.ashx,"Inductors, Coils, Chokes",DFE252012F,Active,Cut Tape (CT),"[{""Material - Core"": ""Iron Powder""}, {""Inductance"": ""2.2 µH""}, {""Current - Saturation (Isat)"": ""3.3A""}, {""Shielding"": ""Shielded""}, {""DC Resistance (DCR)"": ""82mOhm Max""}, {""Q @ Freq"": ""-""}, {""Frequency - Self Resonant"": ""-""}, {""Inductance Frequency - Test"": ""1 MHz""}]"
118554515,2025-12-01T10:16:17.324Z,296-41204-1-ND,Texas Instruments,BQ24092DGQR,25,632.0,15.8,https://www.ti.com/general/docs/suppproductinfo.tsp?distId=10&gotoUrl=https%3A%2F%2Fwww.ti.com%2Flit%2Fgpn%2Fbq24092,Integrated Circuits (ICs),-,Active,Cut Tape (CT),"[{""Battery Chemistry"": ""Lithium Ion/Polymer""}, {""Number of Cells"": ""1""}, {""Current - Charging"": ""Constant - Programmable""}, {""Programmable Features"": ""Current""}, {""Fault Protection"": ""Over Temperature, Over Voltage, Short Circuit""}, {""Charge Current - Max"": ""1A""}, {""Battery Pack Voltage"": ""4.2V""}, {""Voltage - Supply (Max)"": ""6.45V""}]"
118554515,2025-12-01T10:16:17.324Z,BSS84CT-ND,onsemi,BSS84,100,99.4,9.94,https://www.onsemi.com/pdf/datasheet/bss84-d.pdf,Discrete Semiconductor Products,-,Active,Cut Tape (CT),"[{""FET Type"": ""P-Channel""}, {""Drain to Source Voltage (Vdss)"": ""50 V""}, {""Current - Continuous Drain (Id) @ 25°C"": ""130mA (Ta)""}, {""Drive Voltage (Max Rds On, Min Rds On)"": ""4.5V, 10V""}, {""Rds On (Max) @ Id, Vgs"": ""8Ohm @ 150mA, 10V""}, {""Vgs(th) (Max) @ Id"": ""2V @ 250µA""}, {""Gate Charge (Qg) (Max) @ Vgs"": ""1.3 nC @ 5 V""}, {""Vgs (Max)"": ""±20V""}, {""Input Capacitance (Ciss) (Max) @ Vds"": ""73 pF @ 25 V""}, {""FET Feature"": ""-""}, {""Power Dissipation (Max)"": ""225mW (Ta)""}]"
118522807,2025-11-28T20:49:05.986Z,T2N7002AKLMCT-ND,Toshiba Semiconductor and Storage,"T2N7002AK,LM",100,39.9,3.99,https://toshiba.semicon-storage.com/info/docget.jsp?did=29712&prodName=T2N7002AK,Discrete Semiconductor Products,U-MOSVII-H,Active,Cut Tape (CT),"[{""FET Type"": ""N-Channel""}, {""Drain to Source Voltage (Vdss)"": ""60 V""}, {""Current - Continuous Drain (Id) @ 25°C"": ""200mA (Ta)""}, {""Drive Voltage (Max Rds On, Min Rds On)"": ""4.5V, 10V""}, {""Rds On (Max) @ Id, Vgs"": ""3.9Ohm @ 100mA, 10V""}, {""Vgs(th) (Max) @ Id"": ""2.1V @ 250µA""}, {""Gate Charge (Qg) (Max) @ Vgs"": ""0.35 nC @ 4.5 V""}, {""Vgs (Max)"": ""±20V""}, {""Input Capacitance (Ciss) (Max) @ Vds"": ""17 pF @ 10 V""}, {""FET Feature"": ""-""}, {""Power Dissipation (Max)"": ""320mW (Ta)""}]"
118522807,2025-11-28T20:49:05.986Z,T2N7002AKLMCT-ND,Toshiba Semiconductor and Storage,"T2N7002AK,LM",50,65.0,3.25,https://toshiba.semicon-storage.com/info/docget.jsp?did=29712&prodName=T2N7002AK,Discrete Semiconductor Products,U-MOSVII-H,Active,Cut Tape (CT),"[{""FET Type"": ""N-Channel""}, {""Drain to Source Voltage (Vdss)"": ""60 V""}, {""Current - Continuous Drain (Id) @ 25°C"": ""200mA (Ta)""}, {""Drive Voltage (Max Rds On, Min Rds On)"": ""4.5V, 10V""}, {""Rds On (Max) @ Id, Vgs"": ""3.9Ohm @ 100mA, 10V""}, {""Vgs(th) (Max) @ Id"": ""2.1V @ 250µA""}, {""Gate Charge (Qg) (Max) @ Vgs"": ""0.35 nC @ 4.5 V""}, {""Vgs (Max)"": ""±20V""}, {""Input Capacitance (Ciss) (Max) @ Vds"": ""17 pF @ 10 V""}, {""FET Feature"": ""-""}, {""Power Dissipation (Max)"": ""320mW (Ta)""}]"
118522807,2025-11-28T20:49:05.986Z,31-AP22818AKCWT-7CT-ND,Diodes Incorporated,AP22818AKCWT-7,100,106.7,10.67,https://www.diodes.com/assets/Datasheets/AP22816_17_18.pdf,Integrated Circuits (ICs),-,Active,Cut Tape (CT),"[{""Switch Type"": ""USB Switch""}, {""Number of Outputs"": ""1""}, {""Ratio - Input:Output"": ""1:1""}, {""Output Configuration"": ""High Side""}, {""Voltage - Load"": ""2.7V ~ 5.5V""}, {""Current - Output (Max)"": ""2A""}, {""Rds On (Typ)"": ""75mOhm""}, {""Input Type"": ""Non-Inverting""}, {""Fault Protection"": ""Current Limiting (Fixed), Over Temperature, Reverse Current, Short Circuit, UVLO""}]"
118522807,2025-11-28T20:49:05.986Z,497-STM32U083RCT6-ND,STMicroelectronics,STM32U083RCT6,10,1972.0,19.72,https://www.st.com/resource/en/datasheet/stm32u083kc.pdf,Integrated Circuits (ICs),STM32U0,Active,Tray,[]
118522807,2025-11-28T20:49:05.986Z,497-STM32U5A5VJT6Q-ND,STMicroelectronics,STM32U5A5VJT6Q,10,9267.0,92.67,https://www.st.com/resource/en/datasheet/stm32u5a5vj.pdf,Integrated Circuits (ICs),STM32U5,Active,Tray,[]
118522807,2025-11-28T20:49:05.986Z,399-C0603C104K5RACTUCT-ND,KEMET,C0603C104K5RACTU,300,8.0,2.4,https://www.yageogroup.com/content/datasheet/asset/file/KEM_C1002_X7R_SMD,Capacitors,SMD Comm X7R,Active,Cut Tape (CT),"[{""Capacitance"": ""0.1 µF""}, {""Voltage - Rated"": ""50V""}, {""Thickness (Max)"": ""0.034\"" (0.87mm)""}, {""Lead Spacing"": ""-""}, {""Lead Style"": ""-""}]"
118522807,2025-11-28T20:49:05.986Z,1276-1096-1-ND,Samsung Electro-Mechanics,CL21A106KOQNNNE,300,14.7,4.41,//mm.digikey.com/Volume0/opasdata/d220001/medias/docus/609/CL21A106KOQNNNE_Spec.pdf,Capacitors,CL,Active,Cut Tape (CT),"[{""Capacitance"": ""10 µF""}, {""Voltage - Rated"": ""16V""}, {""Thickness (Max)"": ""0.055\"" (1.40mm)""}, {""Lead Spacing"": ""-""}, {""Lead Style"": ""-""}]"
118522807,2025-11-28T20:49:05.986Z,240-2367-1-ND,Laird-Signal Integrity Products,LI0603G121R-10,300,21.24,6.37,https://www.laird.com/document/datasheet/li0603g121r-10-datasheet,Filters,0603,Active,Cut Tape (CT),"[{""Filter Type"": ""Power, Signal Line""}, {""Number of Lines"": ""1""}, {""Impedance @ Frequency"": ""120 Ohms @ 100 MHz""}, {""Current Rating (Max)"": ""1A""}, {""DC Resistance (DCR) (Max)"": ""200mOhm""}, {""Height (Max)"": ""0.031\"" (0.80mm)""}]"
118522807,2025-11-28T20:49:05.986Z,2151-R2520-24.000-8-1010-EXT-TR-NS1CT-ND,Raltron Electronics,R2520-24.000-8-1010-EXT-TR-NS1,50,128.6,6.43,https://www.raltron.com/webproducts/specs/CRYSTAL/R2520-24.000-8-1010-EXT-TR-NS1.pdf,"Crystals, Oscillators, Resonators",R2520,Active,Cut Tape (CT),"[{""Frequency"": ""24 MHz""}, {""Frequency Stability"": ""±10ppm""}, {""Frequency Tolerance"": ""±10ppm""}, {""Load Capacitance"": ""8pF""}, {""ESR (Equivalent Series Resistance)"": ""60 Ohms""}, {""Operating Mode"": ""Fundamental""}]"
118522807,2025-11-28T20:49:05.986Z,445-5043-1-ND,TDK Corporation,C1608C0G1H080D080AA,100,25.8,2.58,https://product.tdk.com/system/files/dam/doc/product/capacitor/ceramic/mlcc/catalog/mlcc_commercial_general_en.pdf,Capacitors,C,Not For New Designs,Cut Tape (CT),"[{""Capacitance"": ""8 pF""}, {""Voltage - Rated"": ""50V""}, {""Thickness (Max)"": ""0.035\"" (0.90mm)""}, {""Lead Spacing"": ""-""}, {""Lead Style"": ""-""}]"
118522807,2025-11-28T20:49:05.986Z,2195-CM9V-T1A-32.768KHZ-7PF-20PPM-TA-QCCT-ND,Micro Crystal AG,CM9V-T1A-32.768KHZ-7PF-20PPM-TA-QC,50,316.8,15.84,https://www.microcrystal.com/fileadmin/Media/Products/32kHz/Datasheet/CM9V-T1A.pdf,"Crystals, Oscillators, Resonators",CM9V,Active,Cut Tape (CT),"[{""Frequency"": ""32.768 kHz""}, {""Frequency Stability"": ""-""}, {""Frequency Tolerance"": ""±20ppm""}, {""Load Capacitance"": ""7pF""}, {""ESR (Equivalent Series Resistance)"": ""90 kOhms""}, {""Operating Mode"": ""Fundamental""}]"
118522807,2025-11-28T20:49:05.986Z,296-9138-1-ND,Texas Instruments,SN74CBTLV3257PWR,25,247.2,6.18,https://www.ti.com/general/docs/suppproductinfo.tsp?distId=10&gotoUrl=https%3A%2F%2Fwww.ti.com%2Flit%2Fgpn%2Fsn74cbtlv3257,Integrated Circuits (ICs),74CBTLV,Active,Cut Tape (CT),"[{""Circuit"": ""4 x 1:2""}, {""Independent Circuits"": ""4""}, {""Current - Output High, Low"": ""-""}, {""Voltage Supply Source"": ""Single Supply""}]"
118522807,2025-11-28T20:49:05.986Z,311-10.0KHRCT-ND,YAGEO,RC0603FR-0710KL,300,4.0,1.2,https://www.yageogroup.com/content/datasheet/asset/file/PYU-RC_GROUP_51_ROHS_L,Resistors,RC_L,Active,Cut Tape (CT),[]
118522807,2025-11-28T20:49:05.986Z,311-47.0KHRCT-ND,YAGEO,RC0603FR-0747KL,300,4.4,1.32,https://www.yageogroup.com/content/datasheet/asset/file/PYU-RC_GROUP_51_ROHS_L,Resistors,RC_L,Active,Cut Tape (CT),[]
118522807,2025-11-28T20:49:05.986Z,296-48543-1-ND,Texas Instruments,ESD122DMXR,50,475.0,23.75,https://www.ti.com/general/docs/suppproductinfo.tsp?distId=10&gotoUrl=https%3A%2F%2Fwww.ti.com%2Flit%2Fgpn%2Fesd122,Circuit Protection,-,Active,Cut Tape (CT),"[{""Bidirectional Channels"": ""2""}, {""Voltage - Reverse Standoff (Typ)"": ""3.6V (Max)""}, {""Voltage - Breakdown (Min)"": ""5.1V""}, {""Voltage - Clamping (Max) @ Ipp"": ""8.4V (Typ)""}, {""Current - Peak Pulse (10/1000µs)"": ""2.5A (8/20µs)""}, {""Power - Peak Pulse"": ""20W""}, {""Power Line Protection"": ""No""}, {""Capacitance @ Frequency"": ""0.2pF @ 1MHz""}]"
118522807,2025-11-28T20:49:05.986Z,399-C0603C609C5GACAUTOCT-ND,KEMET,C0603C609C5GACAUTO,60,163.8,9.83,https://search.kemet.com/download/datasheet/C0603C609C5GACAUTO,Capacitors,SMD Auto C0G,Active,Cut Tape (CT),"[{""Capacitance"": ""6 pF""}, {""Voltage - Rated"": ""50V""}, {""Thickness (Max)"": ""-""}, {""Lead Spacing"": ""-""}, {""Lead Style"": ""-""}]"
118522807,2025-11-28T20:49:05.986Z,455-BM05B-SRSS-TBCT-ND,JST Sales America Inc.,BM05B-SRSS-TB,20,403.0,8.06,//mm.digikey.com/Volume0/opasdata/d220001/medias/docus/5562/SH%20Connector.pdf,"Connectors, Interconnects",SH/SR,Active,Cut Tape (CT),"[{""Connector Type"": ""Header""}, {""Contact Type"": ""Male Pin""}, {""Pitch - Mating"": ""0.039\"" (1.00mm)""}, {""Number of Rows"": ""1""}, {""Row Spacing - Mating"": ""-""}, {""Number of Positions Loaded"": ""All""}, {""Style"": ""Board to Cable/Wire""}, {""Shrouding"": ""Shrouded - 4 Wall""}, {""Termination"": ""Solder""}, {""Fastening Type"": ""Push-Pull""}, {""Contact Length - Mating"": ""-""}, {""Contact Length - Post"": ""-""}, {""Overall Contact Length"": ""-""}, {""Insulation Height"": ""0.167\"" (4.25mm)""}, {""Contact Shape"": ""Square""}, {""Contact Finish - Mating"": ""Tin""}, {""Contact Finish Thickness - Mating"": ""-""}, {""Contact Finish - Post"": ""Tin""}, {""Contact Material"": ""Copper Alloy""}, {""Insulation Material"": ""Polyamide (PA), Nylon""}, {""Ingress Protection"": ""-""}, {""Material Flammability Rating"": ""UL94 V-0""}, {""Insulation Color"": ""Natural""}, {""Voltage Rating"": ""50V""}, {""Mated Stacking Heights"": ""4.9mm""}, {""Contact Finish Thickness - Post"": ""-""}]"
118522807,2025-11-28T20:49:05.986Z,SAM8979-ND,Samtec Inc.,TSM-102-01-L-SV,32,250.0,8.0,https://suddendocs.samtec.com/catalog_english/tsm.pdf,"Connectors, Interconnects",TSM,Active,Bulk,"[{""Connector Type"": ""Header, Cuttable""}, {""Contact Type"": ""Male Pin""}, {""Pitch - Mating"": ""0.100\"" (2.54mm)""}, {""Number of Rows"": ""1""}, {""Row Spacing - Mating"": ""-""}, {""Number of Positions Loaded"": ""All""}, {""Style"": ""Board to Board or Cable""}, {""Shrouding"": ""Unshrouded""}, {""Termination"": ""Solder""}, {""Fastening Type"": ""Push-Pull""}, {""Contact Length - Mating"": ""0.230\"" (5.84mm)""}, {""Contact Length - Post"": ""-""}, {""Overall Contact Length"": ""-""}, {""Insulation Height"": ""0.100\"" (2.54mm)""}, {""Contact Shape"": ""Square""}, {""Contact Finish - Mating"": ""Gold""}, {""Contact Finish Thickness - Mating"": ""10.0µin (0.25µm)""}, {""Contact Finish - Post"": ""Tin""}, {""Contact Material"": ""Phosphor Bronze""}, {""Insulation Material"": ""Liquid Crystal Polymer (LCP)""}, {""Ingress Protection"": ""-""}, {""Material Flammability Rating"": ""UL94 V-0""}, {""Insulation Color"": ""Black""}, {""Voltage Rating"": ""-""}, {""Mated Stacking Heights"": ""-""}, {""Contact Finish Thickness - Post"": ""-""}]"
118522807,2025-11-28T20:49:05.986Z,490-13055-1-ND,Murata Electronics,DFE252012F-2R2M=P2,50,153.0,7.65,https://www.murata.com/~/media/webrenewal/products/inductor/chip/tokoproducts/wirewoundmetalalloychiptype/m_dfe252012f.ashx,"Inductors, Coils, Chokes",DFE252012F,Active,Cut Tape (CT),"[{""Material - Core"": ""Iron Powder""}, {""Inductance"": ""2.2 µH""}, {""Current - Saturation (Isat)"": ""3.3A""}, {""Shielding"": ""Shielded""}, {""DC Resistance (DCR)"": ""82mOhm Max""}, {""Q @ Freq"": ""-""}, {""Frequency - Self Resonant"": ""-""}, {""Inductance Frequency - Test"": ""1 MHz""}]"
118522807,2025-11-28T20:49:05.986Z,497-STM32U585ZIT6-ND,STMicroelectronics,STM32U585ZIT6,10,6668.0,66.68,https://www.st.com/content/ccc/resource/technical/document/datasheet/group3/98/b4/c0/ea/f9/f5/45/2e/DM00639779/files/DM00639779.pdf/jcr:content/translations/en.DM00639779.pdf,Integrated Circuits (ICs),STM32U5,Active,Bulk,[]
118522807,2025-11-28T20:49:05.986Z,311-5.10KHRCT-ND,YAGEO,RC0603FR-075K1L,200,4.3,0.86,https://www.yageogroup.com/content/datasheet/asset/file/PYU-RC_GROUP_51_ROHS_L,Resistors,RC_L,Active,Cut Tape (CT),[]
118522807,2025-11-28T20:49:05.986Z,497-17239-1-ND,STMicroelectronics,LDL1117S33R,30,171.2,5.14,https://www.st.com/content/ccc/resource/technical/document/datasheet/group3/0e/5a/00/ca/10/1a/4f/a5/DM00366442/files/DM00366442.pdf/jcr:content/translations/en.DM00366442.pdf,Integrated Circuits (ICs),-,Active,Cut Tape (CT),"[{""Output Configuration"": ""Positive""}, {""Number of Regulators"": ""1""}, {""Voltage - Input (Max)"": ""18V""}, {""Voltage - Output (Min/Fixed)"": ""3.3V""}, {""Voltage - Output (Max)"": ""-""}, {""Voltage Dropout (Max)"": ""0.6V @ 1.2A""}, {""Current - Output"": ""1.2A""}, {""Current - Quiescent (Iq)"": ""500 µA""}, {""PSRR"": ""87dB ~ 65dB (120Hz ~ 100kHz)""}, {""Control Features"": ""-""}, {""Protection Features"": ""Over Current, Over Temperature, Under Voltage Lockout (UVLO)""}]"
118522807,2025-11-28T20:49:05.986Z,MCP73831T-2ACI/OTCT-ND,Microchip Technology,MCP73831T-2ACI/OT,25,483.2,12.08,https://ww1.microchip.com/downloads/aemDocuments/documents/APID/ProductDocuments/DataSheets/MCP73831-Family-Data-Sheet-DS20001984H.pdf,Integrated Circuits (ICs),-,Active,Cut Tape (CT),"[{""Battery Chemistry"": ""Lithium Ion/Polymer""}, {""Number of Cells"": ""1""}, {""Current - Charging"": ""Constant - Programmable""}, {""Programmable Features"": ""Current""}, {""Fault Protection"": ""Over Voltage""}, {""Charge Current - Max"": ""500mA""}, {""Battery Pack Voltage"": ""4.2V""}, {""Voltage - Supply (Max)"": ""6V""}]"
118522807,2025-11-28T20:49:05.986Z,YAG3590CT-ND,YAGEO,AC0603FR-072KL,250,5.3,1.33,https://www.yageogroup.com/content/datasheet/asset/file/PYU-AC_51_ROHS_L,Resistors,AC,Active,Cut Tape (CT),[]
118415956,2025-11-25T12:09:49.686Z,NHD-FFC40-ND,Newhaven Display Intl,NHD-FFC40,6,8656.0,51.94,https://newhavendisplay.com/content/specs/Drawing-NHD-FFC40.pdf,Optoelectronics,-,Active,Bulk,"[{""Accessory Type"": ""Adapter""}, {""For Use With/Related Products"": ""LCD Display""}]"
118415956,2025-11-25T12:09:49.686Z,NHD-FFC40-ND,Newhaven Display Intl,NHD-FFC40,2,9210.0,18.42,https://newhavendisplay.com/content/specs/Drawing-NHD-FFC40.pdf,Optoelectronics,-,Active,Bulk,"[{""Accessory Type"": ""Adapter""}, {""For Use With/Related Products"": ""LCD Display""}]"
118415956,2025-11-25T12:09:49.686Z,PA0188-S-ND,Chip Quik Inc.,PA0188-S,3,8890.0,26.67,http://www.chipquik.com/datasheets/PA0188-S.pdf,"Soldering, Desoldering, Rework Products",Proto-Advantage PA,Active,Bulk,[]
118415956,2025-11-25T12:09:49.686Z,PA0109-S-ND,Chip Quik Inc.,PA0109-S,2,8890.0,17.78,http://www.chipquik.com/datasheets/PA0109-S.pdf,"Soldering, Desoldering, Rework Products",Proto-Advantage PA,Active,Bulk,[]
118415956,2025-11-25T12:09:49.686Z,PA0020-S-ND,Chip Quik Inc.,PA0020-S,2,8890.0,17.78,http://www.chipquik.com/datasheets/PA0020-S.pdf,"Soldering, Desoldering, Rework Products",Proto-Advantage PA,Active,Bulk,[]
118415956,2025-11-25T12:09:49.686Z,PA0001-S-ND,Chip Quik Inc.,PA0001-S,3,8890.0,26.67,http://www.chipquik.com/datasheets/PA0001-S.pdf,"Soldering, Desoldering, Rework Products",Proto-Advantage PA,Active,Bulk,[]
118415956,2025-11-25T12:09:49.686Z,315-NDR050P060-S-ND,Chip Quik Inc.,NDR050P060-S,1,8890.0,8.89,http://www.chipquik.com/datasheets/NDR050P060-S.pdf,"Soldering, Desoldering, Rework Products",Proto-Advantage NDR,Active,Bulk,[]
118415956,2025-11-25T12:09:49.686Z,497-ST33HTPH2X32AHE4CT-ND,STMicroelectronics,ST33HTPH2X32AHE4,4,3080.0,12.32,https://www.st.com/resource/en/datasheet/st33tphf2xspi.pdf,Integrated Circuits (ICs),ST33,Active,Cut Tape (CT),"[{""Controller Series"": ""ST33TPHF2ESPI""}]"
118415956,2025-11-25T12:09:49.686Z,497-STSAFA120DFSPL05-ND,STMicroelectronics,STSAFA120DFSPL05,10,1521.0,15.21,https://www.st.com/resource/en/datasheet/stsafe-a120.pdf,Integrated Circuits (ICs),-,Active,Bulk,"[{""Controller Series"": ""STSAFE-A""}]"
118415956,2025-11-25T12:09:49.686Z,497-STSAFA120DFSPL05-ND,STMicroelectronics,STSAFA120DFSPL05,10,1521.0,15.21,https://www.st.com/resource/en/datasheet/stsafe-a120.pdf,Integrated Circuits (ICs),-,Active,Bulk,"[{""Controller Series"": ""STSAFE-A""}]"
118415956,2025-11-25T12:09:49.686Z,497-STSAFA120DFSPL05-ND,STMicroelectronics,STSAFA120DFSPL05,10,1521.0,15.21,https://www.st.com/resource/en/datasheet/stsafe-a120.pdf,Integrated Circuits (ICs),-,Active,Bulk,"[{""Controller Series"": ""STSAFE-A""}]"
118415956,2025-11-25T12:09:49.686Z,497-STSAFA120DFSPL05-ND,STMicroelectronics,STSAFA120DFSPL05,10,1521.0,15.21,https://www.st.com/resource/en/datasheet/stsafe-a120.pdf,Integrated Circuits (ICs),-,Active,Bulk,"[{""Controller Series"": ""STSAFE-A""}]"
118415956,2025-11-25T12:09:49.686Z,497-STM32U375VGT6Q-ND,STMicroelectronics,STM32U375VGT6Q,5,5150.0,25.75,https://www.st.com/resource/en/datasheet/stm32u375kg.pdf,Integrated Circuits (ICs),STM32U3,Active,Tray,[]
118415956,2025-11-25T12:09:49.686Z,497-STM32L073RZT6CT-ND,STMicroelectronics,STM32L073RZT6TR,15,3003.0,45.05,https://www.st.com/content/ccc/resource/technical/document/datasheet/d8/b3/7b/dc/18/22/44/f5/DM00141036.pdf/files/DM00141036.pdf/jcr:content/translations/en.DM00141036.pdf,Integrated Circuits (ICs),STM32L0,Active,Cut Tape (CT),[]
118415956,2025-11-25T12:09:49.686Z,497-19667-1-ND,STMicroelectronics,STM32L053R8T6TR,10,1990.0,19.9,https://www.st.com/content/ccc/resource/technical/document/datasheet/8a/f4/9d/d7/61/1b/46/b4/DM00105960.pdf/files/DM00105960.pdf/jcr:content/translations/en.DM00105960.pdf,Integrated Circuits (ICs),STM32L0,Active,Cut Tape (CT),[]
118415956,2025-11-25T12:09:49.686Z,1528-1833-ND,Adafruit Industries LLC,1904,3,5330.0,15.99,https://cdn-learn.adafruit.com/downloads/pdf/adafruit-microlipo-and-minilipo-battery-chargers.pdf,"Development Boards, Kits, Programmers",-,Active,Bulk,"[{""Embedded"": ""-""}, {""Primary Attributes"": ""USB Powered""}, {""Secondary Attributes"": ""On-Board LEDs""}]"
118415956,2025-11-25T12:09:49.686Z,497-STSAFA120DFSPL05-ND,STMicroelectronics,STSAFA120DFSPL05,10,1521.0,15.21,https://www.st.com/resource/en/datasheet/stsafe-a120.pdf,Integrated Circuits (ICs),-,Active,Bulk,"[{""Controller Series"": ""STSAFE-A""}]"
118415956,2025-11-25T12:09:49.686Z,497-STSAFA120DFSPL05-ND,STMicroelectronics,STSAFA120DFSPL05,10,1521.0,15.21,https://www.st.com/resource/en/datasheet/stsafe-a120.pdf,Integrated Circuits (ICs),-,Active,Bulk,"[{""Controller Series"": ""STSAFE-A""}]"
118415956,2025-11-25T12:09:49.686Z,497-STSAFA120DFSPL05-ND,STMicroelectronics,STSAFA120DFSPL05,10,1521.0,15.21,https://www.st.com/resource/en/datasheet/stsafe-a120.pdf,Integrated Circuits (ICs),-,Active,Bulk,"[{""Controller Series"": ""STSAFE-A""}]"
118415956,2025-11-25T12:09:49.686Z,497-STSAFA120DFSPL05-ND,STMicroelectronics,STSAFA120DFSPL05,10,1521.0,15.21,https://www.st.com/resource/en/datasheet/stsafe-a120.pdf,Integrated Circuits (ICs),-,Active,Bulk,"[{""Controller Series"": ""STSAFE-A""}]"
118415956,2025-11-25T12:09:49.686Z,497-M95P16-IXMNT/E-ND,STMicroelectronics,M95P16-IXMNT/E,25,721.6,18.04,//mm.digikey.com/Volume0/opasdata/d220001/medias/docus/6638/m95p16-i.pdf,Integrated Circuits (ICs),-,Active,Bulk,"[{""Access Time"": ""10 ns""}]"
118415956,2025-11-25T12:09:49.686Z,497-STM32C031K6T6-ND,STMicroelectronics,STM32C031K6T6,25,620.0,15.5,https://www.st.com/resource/en/datasheet/stm32c031c4.pdf,Integrated Circuits (ICs),STM32C0,Active,Tray,[]
118415956,2025-11-25T12:09:49.686Z,497-19770-ND,STMicroelectronics,STM32G030K8T6,25,932.0,23.3,https://www.st.com/resource/en/datasheet/stm32g030c6.pdf,Integrated Circuits (ICs),STM32G0,Active,Tray,[]
118397768,2025-11-24T23:03:56.303Z,1528-5634-ND,Adafruit Industries LLC,5634,8,2260.0,18.08,//mm.digikey.com/Volume0/opasdata/d220001/medias/docus/5045/5634_Web.pdf,"Development Boards, Kits, Programmers",-,Active,Bulk,"[{""Suggested Programming Environment"": ""Arduino, CircuitPython""}, {""Interconnect System"": ""-""}, {""Primary Attributes"": ""128Mbit (16MB)""}, {""Secondary Attributes"": ""QSPI Interface(s)""}]"
118397768,2025-11-24T23:03:56.303Z,NHD-0420AZ-FSW-GBW-33V3-ND,Newhaven Display Intl,NHD-0420AZ-FSW-GBW-33V3,7,9878.0,69.15,https://newhavendisplay.com/content/specs/NHD-0420AZ-FSW-GBW-33V3.pdf,Optoelectronics,-,Active,Bulk,"[{""Number of Characters"": ""80.0""}, {""Display Format"": ""20 x 4""}, {""Character Format"": ""5 x 8 Dots""}, {""Display Type"": ""STN - Super-Twisted Nematic""}, {""Display Mode"": ""Transflective""}, {""Character Size"": ""4.03mm H x 2.30mm W""}, {""Outline L x W x H"": ""77.00mm x 47.00mm x 14.50mm""}, {""Viewing Area"": ""60.00mm L x 22.00mm W""}, {""Backlight"": ""LED - White""}, {""Dot Size"": ""0.42mm W x 0.46mm H""}, {""Controller Type"": ""SPLC780D OR ST7066U""}, {""Text Color"": ""Blue""}, {""Background Color"": ""White""}]"
118397768,2025-11-24T23:03:56.303Z,438-1016-ND,Twin Industries,8100-SMT7,1,26090.0,26.09,https://twinind.com/datasheets/Twin_Industries_8100-series.pdf,"Prototyping, Fabrication Products",-,Active,Bulk,"[{""Proto Board Type"": ""SMD to Plated Through Hole Board""}, {""Package Accepted"": ""SOIC""}, {""Board Thickness"": ""0.062\"" (1.57mm) 1/16\""""}]"
118397768,2025-11-24T23:03:56.303Z,296-27187-1-ND,Texas Instruments,BQ24155RGYR,25,928.0,23.2,https://www.ti.com/general/docs/suppproductinfo.tsp?distId=10&gotoUrl=https%3A%2F%2Fwww.ti.com%2Flit%2Fgpn%2Fbq24155,Integrated Circuits (ICs),-,Active,Cut Tape (CT),"[{""Battery Chemistry"": ""Lithium Ion/Polymer""}, {""Number of Cells"": ""1""}, {""Current - Charging"": ""Constant - Programmable""}, {""Programmable Features"": ""Current, Timer, Voltage""}, {""Fault Protection"": ""Over Temperature, Over Voltage""}, {""Charge Current - Max"": ""1.25A""}, {""Battery Pack Voltage"": ""4.44V (Max)""}, {""Voltage - Supply (Max)"": ""6V""}]"
118397768,2025-11-24T23:03:56.303Z,2073-USB4085-GF-ACT-ND,GCT,USB4085-GF-A,25,540.0,13.5,https://gct.co/files/specs/usb4085-spec.pdf,"Connectors, Interconnects",USB4085,Active,Cut Tape (CT),"[{""Connector Type"": ""USB-C (USB TYPE-C)""}, {""Number of Contacts"": ""24 (16+8 Dummy)""}, {""Gender"": ""Receptacle""}, {""Specifications"": ""USB 2.0""}, {""Mounting Feature"": ""Horizontal""}, {""Termination"": ""Solder""}, {""Ingress Protection"": ""-""}, {""Number of Ports"": ""1""}, {""Voltage - Rated"": ""48VDC""}, {""Mating Cycles"": ""20000""}, {""Shielding"": ""Shielded""}, {""Contact Finish"": ""Gold""}, {""Shell/Shielding Material"": ""Steel, Stainless""}, {""Material Flammability Rating"": ""UL94 V-0""}, {""Insulation Color"": ""Black""}]"
118397768,2025-11-24T23:03:56.303Z,118-MF-MSMF050/16X-2CT-ND,Bourns Inc.,MF-MSMF050/16X-2,20,357.0,7.14,https://www.bourns.com/docs/product-datasheets/mf-msmf.pdf,Circuit Protection,"Multifuse®, MF-MSMF",Active,Cut Tape (CT),"[{""Voltage - Max"": ""16V""}, {""Current - Hold (Ih) (Max)"": ""500 mA""}, {""Current - Trip (It)"": ""1 A""}, {""Current - Max"": ""100 A""}, {""Time to Trip"": ""200 ms""}, {""Resistance - Initial (Ri) (Min)"": ""150 mOhms""}, {""Resistance - Post Trip (R1) (Max)"": ""1.3 Ohms""}, {""Thickness (Max)"": ""0.033\"" (0.85mm)""}, {""Lead Spacing"": ""-""}, {""Approval Agency"": ""cUR, cURus, TUV""}]"
118397768,2025-11-24T23:03:56.303Z,495-76405-ND,EPCOS - TDK Electronics,B59975C0160A070,10,950.0,9.5,https://www.tdk-electronics.tdk.com/inf/55/db/PTC/PTC_OC_Leaded_12V_C945_C995.pdf,Circuit Protection,B59975,Active,Bulk,"[{""Voltage - Max"": ""20V""}, {""Current - Hold (Ih) (Max)"": ""550 mA""}, {""Current - Trip (It)"": ""1.1 A""}, {""Current - Max"": ""3 A""}, {""Resistance - 25°C (Typ)"": ""1.8 Ohms""}, {""Thickness (Max)"": ""-""}, {""Lead Spacing"": ""0.197\"" (5.00mm)""}, {""Approval Agency"": ""UR""}]"
118397768,2025-11-24T23:03:56.303Z,4530-SRV05-4CT-ND,ANBON SEMICONDUCTOR (INT'L) LIMITED,SRV05-4,20,102.0,2.04,https://www.anbonsemi.com/file/PDF/SRV05-4.pdf,Circuit Protection,-,Active,Cut Tape (CT),"[{""Unidirectional Channels"": ""4""}, {""Voltage - Reverse Standoff (Typ)"": ""5V (Max)""}, {""Voltage - Breakdown (Min)"": ""6V""}, {""Voltage - Clamping (Max) @ Ipp"": ""15V""}, {""Current - Peak Pulse (10/1000µs)"": ""4A (8/20µs)""}, {""Power - Peak Pulse"": ""60W""}, {""Power Line Protection"": ""Yes""}, {""Capacitance @ Frequency"": ""1pF @ 1MHz""}]"
118397768,2025-11-24T23:03:56.303Z,296-48175-1-ND,Texas Instruments,TLV62569PDDCR,50,113.6,5.68,https://www.ti.com/general/docs/suppproductinfo.tsp?distId=10&gotoUrl=https%3A%2F%2Fwww.ti.com%2Flit%2Fgpn%2Ftlv62569,Integrated Circuits (ICs),-,Active,Cut Tape (CT),"[{""Output Configuration"": ""Positive""}, {""Topology"": ""Buck""}, {""Number of Outputs"": ""-""}, {""Voltage - Input (Min)"": ""2.5V""}, {""Voltage - Input (Max)"": ""5.5V""}, {""Voltage - Output (Min/Fixed)"": ""0.6V""}, {""Voltage - Output (Max)"": ""5.5V""}, {""Current - Output"": ""2A""}, {""Frequency - Switching"": ""1.5MHz""}, {""Synchronous Rectifier"": ""Yes""}]"
118397768,2025-11-24T23:03:56.303Z,541-IHLP1616BZER2R2M5ACT-ND,Vishay Dale,IHLP1616BZER2R2M5A,25,608.0,15.2,https://www.vishay.com/docs/34436/ihlp1616bz5a.pdf,"Inductors, Coils, Chokes",IHLP-1616BZ-5A,Active,Cut Tape (CT),"[{""Material - Core"": ""-""}, {""Inductance"": ""2.2 µH""}, {""Current - Saturation (Isat)"": ""4A""}, {""Shielding"": ""Shielded""}, {""DC Resistance (DCR)"": ""65mOhm Max""}, {""Q @ Freq"": ""-""}, {""Frequency - Self Resonant"": ""37MHz""}, {""Inductance Frequency - Test"": ""100 kHz""}]"
118397768,2025-11-24T23:03:56.303Z,296-TSC2013QPWRQ1CT-ND,Texas Instruments,TSC2013QPWRQ1,5,1930.0,9.65,https://www.ti.com/general/docs/suppproductinfo.tsp?distId=10&gotoUrl=https%3A%2F%2Fwww.ti.com%2Flit%2Fgpn%2Ftsc2013-q1,Integrated Circuits (ICs),-,Active,Cut Tape (CT),"[{""Touchscreen"": ""4 Wire Resistive""}, {""Resolution (Bits)"": ""10, 12 b""}, {""Voltage Reference"": ""External""}]"
118397768,2025-11-24T23:03:56.303Z,497-STM32U575ZIT6Q-ND,STMicroelectronics,STM32U575ZIT6Q,10,6531.0,65.31,https://www.st.com/resource/en/datasheet/stm32u575ag.pdf,Integrated Circuits (ICs),STM32U5,Active,Bulk,[]
118397768,2025-11-24T23:03:56.303Z,W25Q128JVSIQ-ND,Winbond Electronics,W25Q128JVSIQ,10,1352.0,13.52,//mm.digikey.com/Volume0/opasdata/d220001/medias/docus/7161/256_W25Q128JV.pdf,Integrated Circuits (ICs),SpiFlash®,Active,Tube,[]
118397768,2025-11-24T23:03:56.303Z,5446-S3A4004R0M-AI1ATCT-ND,Netsol,S3A4004R0M-AI1AT,5,7570.0,37.85,//mm.digikey.com/Volume0/opasdata/d220001/medias/docus/6155/SPI_MRAM_M_die.pdf,Integrated Circuits (ICs),-,Active,Cut Tape (CT),"[{""Access Time"": ""7 ns""}]"
118363563,2025-11-24T06:00:00Z,1528-4830-ND,Adafruit Industries LLC,4830,5,5330.0,26.65,https://cdn-learn.adafruit.com/downloads/pdf/adafruit-mpr121-12-key-capacitive-touch-sensor-breakout-tutorial.pdf,"Development Boards, Kits, Programmers",-,Active,Bulk,"[{""Suggested Programming Environment"": ""Arduino, CircuitPython, Python""}, {""Interconnect System"": ""Qwiic, STEMMA QT""}]"
118363563,2025-11-24T06:00:00Z,1965-ESP32-C3-WROOM-02U-N4CT-ND,Espressif Systems,ESP32-C3-WROOM-02U-N4,5,2610.0,13.05,https://www.espressif.com/sites/default/files/documentation/esp32-c3-wroom-02_datasheet_en.pdf,RF and Wireless,ESP32,Active,Cut Tape (CT),"[{""RF Family/Standard"": ""Bluetooth, WiFi""}, {""Protocol"": ""802.11b/g/n, Bluetooth v5.0""}, {""Modulation"": ""-""}, {""Frequency"": ""2.4GHz""}, {""Data Rate"": ""150Mbps""}, {""Power - Output"": ""20.5dBm""}, {""Sensitivity"": ""-98dBm""}, {""Serial Interfaces"": ""ADC, GPIO, I2C, I2S, SPI, JTAG, PWM, UART, USB""}, {""Antenna Type"": ""Antenna Not Included, U.FL""}, {""Current - Receiving"": ""82mA ~ 84mA""}, {""Current - Transmitting"": ""280mA ~ 345mA""}]"
118363563,2025-11-24T06:00:00Z,1528-4830-ND,Adafruit Industries LLC,4830,1,5330.0,5.33,https://cdn-learn.adafruit.com/downloads/pdf/adafruit-mpr121-12-key-capacitive-touch-sensor-breakout-tutorial.pdf,"Development Boards, Kits, Programmers",-,Active,Bulk,"[{""Suggested Programming Environment"": ""Arduino, CircuitPython, Python""}, {""Interconnect System"": ""Qwiic, STEMMA QT""}]"
118363563,2025-11-24T06:00:00Z,1695-DA14531MOD-00F01002CT-ND,Renesas Electronics Corporation,DA14531MOD-00F01002,10,3892.0,38.92,https://www.renesas.com/us/en/document/dst/da14531-module-datasheet?r=1601921,RF and Wireless,SmartBond™,Active,Cut Tape (CT),"[{""RF Family/Standard"": ""Bluetooth""}, {""Protocol"": ""Bluetooth v5.1""}, {""Modulation"": ""-""}, {""Frequency"": ""2.4GHz ~ 2.4835GHz""}, {""Data Rate"": ""-""}, {""Power - Output"": ""2.2dBm""}, {""Sensitivity"": ""-93dBm""}, {""Serial Interfaces"": ""ADC, GPIO, I2C, SPI, UART""}, {""Antenna Type"": ""Integrated, Trace""}, {""Current - Receiving"": ""2mA""}, {""Current - Transmitting"": ""4mA""}]"
118363563,2025-11-24T06:00:00Z,1528-5397-ND,Adafruit Industries LLC,5397,5,3800.0,19.0,,"Development Boards, Kits, Programmers",-,Active,Bulk,"[{""Suggested Programming Environment"": ""-""}, {""Interconnect System"": ""Qwiic, STEMMA QT""}]"
118363563,2025-11-24T06:00:00Z,1738-1038-ND,DFRobot,DFR0229,5,3990.0,19.95,//mm.digikey.com/Volume0/opasdata/d220001/medias/docus/2189/DFR0229_Web.pdf,"Development Boards, Kits, Programmers",-,Active,Bulk,[]
118363563,2025-11-24T06:00:00Z,497-NUCLEO-U575ZI-Q-ND,STMicroelectronics,NUCLEO-U575ZI-Q,5,18480.0,92.4,https://www.st.com/resource/en/data_brief/nucleo-l496zg.pdf,"Development Boards, Kits, Programmers",STM32U5,Active,Bulk,"[{""Interconnect System"": ""Arduino R3 Shield, ST Morpho, ST Zio""}, {""Suggested Programming Environment"": ""IAR EW, Keil MDK, STM32Cube""}]"
118363563,2025-11-24T06:00:00Z,899-8.08.91-ND,Segger Microcontroller Systems,8.08.91,1,46980.0,46.98,//mm.digikey.com/Volume0/opasdata/d220001/medias/docus/2540/J-Link%2C_J-Trace_User_Manual_Web.pdf,"Development Boards, Kits, Programmers",-,Active,Bulk,[]
118363563,2025-11-24T06:00:00Z,1528-2613-ND,Adafruit Industries LLC,3839,1,69010.0,69.01,//mm.digikey.com/Volume0/opasdata/d220001/medias/docus/782/3839_Web.pdf,"Development Boards, Kits, Programmers",-,Active,Bulk,[]
118363563,2025-11-24T06:00:00Z,757-NHD-2.4-240320AF-CTXP-T-ND,Newhaven Display Intl,NHD-2.4-240320AF-CTXP-T,3,11880.0,35.64,https://newhavendisplay.com/content/specs/NHD-2.4-240320AF-CTXP-T.pdf,Optoelectronics,-,Active,Box,"[{""Display Type"": ""TFT - Color""}, {""Display Mode"": ""Transmissive""}, {""Touchscreen"": ""Resistive""}, {""Diagonal Screen Size"": ""2.4\"" (60.96mm)""}, {""Viewing Area"": ""50.26mm W x 38.32mm H""}, {""Backlight"": ""LED""}, {""Dot Pixels"": ""320 x 240 (QVGA)""}, {""Controller Type"": ""ST7789Vi""}, {""Graphics Color"": ""Black""}, {""Background Color"": ""-""}, {""Dot Size"": ""0.05mm W x 0.15mm H""}, {""Dot Pitch"": ""0.15mm W x 10.80mm H""}]"
118363563,2025-11-24T06:00:00Z,1548-NHD-3.5-320240JF-ASXP-T-ND,Newhaven Display Intl,NHD-3.5-320240JF-ASXP-T,1,22500.0,22.5,https://newhavendisplay.com/content/specs/NHD-3.5-320240JF-ASXP-T.pdf,Optoelectronics,-,Active,Box,"[{""Display Type"": ""TFT - Color""}, {""Display Mode"": ""Transmissive""}, {""Touchscreen"": ""Resistive""}, {""Diagonal Screen Size"": ""3.5\"" (88.90mm)""}, {""Viewing Area"": ""71.82mm W x 55.05mm H""}, {""Backlight"": ""LED - White""}, {""Dot Pixels"": ""320 x 240 (QVGA)""}, {""Controller Type"": ""ST7272A""}, {""Graphics Color"": ""Red, Green, Blue (RGB)""}, {""Background Color"": ""-""}, {""Dot Size"": ""-""}, {""Dot Pitch"": ""-""}]"
118363563,2025-11-24T06:00:00Z,150-MTCH2120-V/SO-ND,Microchip Technology,MTCH2120-V/SO,5,990.0,4.95,https://ww1.microchip.com/downloads/aemDocuments/documents/MCU08/ProductDocuments/DataSheets/MTCH2120-12CH-CapacitiveTouchControl-DataSheet-DS40002613.pdf,Integrated Circuits (ICs),-,Active,Tube,"[{""Touchscreen"": ""2 Wire Capacitive""}, {""Resolution (Bits)"": ""-""}, {""Voltage Reference"": ""Internal""}]"
118256007,2025-11-19T20:00:21.217Z,497-NUCLEO-U5A5ZJ-Q-ND,STMicroelectronics,NUCLEO-U5A5ZJ-Q,7,26260.0,183.82,https://www.st.com/resource/en/data_brief/nucleo-h563zi.pdf,"Development Boards, Kits, Programmers",STM32U5,Active,Bulk,"[{""Interconnect System"": ""Arduino R3 Shield, ST Morpho, ST Zio""}, {""Suggested Programming Environment"": ""IAR EW, Keil MDK, STM32Cube""}]"
118256007,2025-11-19T20:00:21.217Z,4294-MSDV-2008-AKA0T01-ND,Aces Connectors,MSDV-2008-AKA0T01,10,1235.0,12.35,https://www.acesconn.com/upload/product_file/2D_MSDV-2008_X13.pdf,"Connectors, Interconnects",-,Active,Tray,"[{""Card Type"": ""microSD™""}, {""Connector Type"": ""Connector and Ejector""}, {""Insertion, Removal Method"": ""Push In, Pull Out""}, {""Ejector Side"": ""-""}, {""Height Above Board"": ""0.558\"" (14.18mm)""}, {""Mounting Feature"": ""Normal, Standard - Top""}, {""Contact Finish"": ""Gold""}, {""Contact Finish Thickness"": ""12.0µin (0.30µm)""}]"
118256007,2025-11-19T20:00:21.217Z,1528-5250-ND,Adafruit Industries LLC,5250,4,3030.0,12.12,//mm.digikey.com/Volume0/opasdata/d220001/medias/docus/6131/5250.pdf,"Memory - Modules, Cards",-,Active,Bulk,[]
116566380,2025-09-25T19:38:11.896Z,497-NUCLEO-U5A5ZJ-Q-ND,STMicroelectronics,NUCLEO-U5A5ZJ-Q,3,25460.0,76.38,https://www.st.com/resource/en/data_brief/nucleo-h563zi.pdf,"Development Boards, Kits, Programmers",STM32U5,Active,Bulk,"[{""Interconnect System"": ""Arduino R3 Shield, ST Morpho, ST Zio""}, {""Suggested Programming Environment"": ""IAR EW, Keil MDK, STM32Cube""}]"
116566380,2025-09-25T19:38:11.896Z,865-1286-1-ND,RAMXEED,MB85RS2MTAPNF-G-BDERE1,5,4480.0,22.4,https://www.ramxeed.com/assets/images/products/datasheet/FeRAM/s3/MB85RS2MTA-DS6v0-E.pdf,Integrated Circuits (ICs),-,Active,Cut Tape (CT),[]
116566380,2025-09-25T19:38:11.896Z,AT24CM01-SSHD-TCT-ND,Microchip Technology,AT24CM01-SSHD-T,10,810.0,8.1,https://ww1.microchip.com/downloads/en/DeviceDoc/AT24CM01-I2C-Compatible-Two-Wire-Serial-EEPROM-Data-Sheet-20006170A.pdf,Integrated Circuits (ICs),-,Active,Cut Tape (CT),"[{""Access Time"": ""550 ns""}]"
116566380,2025-09-25T19:38:11.896Z,DS2505+T&RCT-ND,Analog Devices Inc./Maxim Integrated,DS2505+T&R,5,2820.0,14.1,https://www.analog.com/media/en/technical-documentation/data-sheets/DS2505.pdf,Integrated Circuits (ICs),-,Active,Cut Tape (CT),"[{""Access Time"": ""15 µs""}]"
116566380,2025-09-25T19:38:11.896Z,AT27C010-70PU-ND,Microchip Technology,AT27C010-70PU,4,3440.0,13.76,https://ww1.microchip.com/downloads/en/DeviceDoc/doc0321.pdf,Integrated Circuits (ICs),-,Active,Tube,"[{""Access Time"": ""70 ns""}]"
116566380,2025-09-25T19:38:11.896Z,10.0KXBK-ND,YAGEO,MFR-25FBF52-10K,50,21.2,1.06,https://www.yageogroup.com/content/Resource%20Library/Datasheet/YAGEO-MFR_DATASHEET.pdf,Resistors,MFR,Active,Bulk,[]
116566380,2025-09-25T19:38:11.896Z,497-STM32U073CCT6-ND,STMicroelectronics,STM32U073CCT6,5,2330.0,11.65,https://www.st.com/resource/en/datasheet/stm32u073cc.pdf,Integrated Circuits (ICs),STM32U0,Active,Tray,[]
107898616,2024-10-21T13:42:36Z,544-3042-ND,Altera,EK-10M08E144,1,39000.0,39.0,//mm.digikey.com/Volume0/opasdata/d220001/medias/docus/6130/Intel%C2%AE_MAX%C2%AE_10_FPGA_Evaluation_Kit_User_Guide.pdf,"Development Boards, Kits, Programmers",MAX® 10,Active,Box,"[{""Interconnect System"": ""Arduino R3 Shield""}, {""Suggested Programming Environment"": ""Quartus Prime""}, {""Notification"": ""By clicking Buy You agree: You are a product/software developer/system integrator; kit is for evaluation only, not for resale.""}]"
107898616,2024-10-21T13:42:36Z,XC3153CT-ND,ECS Inc.,ECS-327MVATX-1-CN-TR,10,700.0,7.0,https://ecsxtal.com/store/pdf/ECS-327MVATX.pdf,"Crystals, Oscillators, Resonators",ECS-327MVATX MultiVolt™,Active,Cut Tape (CT),"[{""Base Resonator"": ""Crystal""}, {""Frequency"": ""32.768 kHz""}, {""Output"": ""CMOS""}, {""Frequency Stability"": ""±25ppm""}, {""Absolute Pull Range (APR)"": ""-""}, {""Spread Spectrum Bandwidth"": ""-""}, {""Current - Supply (Max)"": ""200µA""}, {""Current - Supply (Disable) (Max)"": ""-""}]"
107898616,2024-10-21T13:42:36Z,1686-TEI0001-04-FBC84A-ND,Trenz Electronic GmbH,TEI0001-04-FBC84A,2,42100.0,84.2,https://shop.trenz-electronic.de/trenzdownloads/Trenz_Electronic/Modules_and_Module_Carriers/2.5x6.15/TEI0001/REV04/Documents/SCH-TEI0001-04-FBC84A.PDF,"Development Boards, Kits, Programmers",MAX® 10,Discontinued at Digi-Key,Bulk,"[{""Interconnect System"": ""Arduino MKR, Pmod""}, {""Suggested Programming Environment"": ""Quartus Prime""}]"
107898616,2024-10-21T13:42:36Z,296-47593-1-ND,Texas Instruments,LMV358AIDR,25,87.2,2.18,http://www.ti.com/general/docs/suppproductinfo.tsp?distId=10&gotoUrl=http%3A%2F%2Fwww.ti.com%2Flit%2Fgpn%2Flmv358a,Integrated Circuits (ICs),LMV®,Active,Cut Tape (CT),"[{""Amplifier Type"": ""Standard (General Purpose)""}, {""Slew Rate"": ""1.7V/µs""}, {""Gain Bandwidth Product"": ""1 MHz""}, {""Current - Input Bias"": ""10 pA""}, {""Voltage - Input Offset"": ""1 mV""}, {""Current - Output / Channel"": ""40 mA""}, {""Voltage - Supply Span (Min)"": ""2.5 V""}, {""Voltage - Supply Span (Max)"": ""5.5 V""}]"
107898616,2024-10-21T13:42:36Z,296-LM2904DRCT-ND,Texas Instruments,LM2904DR,25,96.0,2.4,https://www.ti.com/general/docs/suppproductinfo.tsp?distId=10&gotoUrl=https%3A%2F%2Fwww.ti.com%2Flit%2Fgpn%2Flm2904v,Integrated Circuits (ICs),-,Active,Cut Tape (CT),"[{""Amplifier Type"": ""Standard (General Purpose)""}, {""Slew Rate"": ""0.3V/µs""}, {""Gain Bandwidth Product"": ""700 kHz""}, {""Current - Input Bias"": ""20 nA""}, {""Voltage - Input Offset"": ""3 mV""}, {""Current - Output / Channel"": ""40 mA""}, {""Voltage - Supply Span (Min)"": ""3 V""}, {""Voltage - Supply Span (Max)"": ""26 V""}]"
107898616,2024-10-21T13:42:36Z,296-51267-1-ND,Texas Instruments,LM358LVIDR,25,82.0,2.05,https://www.ti.com/general/docs/suppproductinfo.tsp?distId=10&gotoUrl=https%3A%2F%2Fwww.ti.com%2Flit%2Fgpn%2Flm324lv,Integrated Circuits (ICs),-,Active,Cut Tape (CT),"[{""Amplifier Type"": ""Standard (General Purpose)""}, {""Slew Rate"": ""1.5V/µs""}, {""Gain Bandwidth Product"": ""1 MHz""}, {""Current - Input Bias"": ""15 pA""}, {""Voltage - Input Offset"": ""1 mV""}, {""Current - Output / Channel"": ""40 mA""}, {""Voltage - Supply Span (Min)"": ""2.7 V""}, {""Voltage - Supply Span (Max)"": ""5.5 V""}]"
107898616,2024-10-21T13:42:36Z,296-TL071HIDBVRCT-ND,Texas Instruments,TL071HIDBVR,25,96.0,2.4,https://www.ti.com/lit/ds/symlink/tl071.pdf?HQS=dis-dk-null-digikeymode-dsf-pf-null-wwe&ts=1721694323530,Integrated Circuits (ICs),-,Active,Cut Tape (CT),"[{""Amplifier Type"": ""J-FET""}, {""Slew Rate"": ""20V/µs""}, {""Gain Bandwidth Product"": ""5.25 MHz""}, {""Current - Input Bias"": ""1 pA""}, {""Voltage - Input Offset"": ""1 mV""}, {""Voltage - Supply Span (Min)"": ""4.5 V""}, {""Voltage - Supply Span (Max)"": ""40 V""}]"
107898616,2024-10-21T13:42:36Z,296-14634-1-ND,Texas Instruments,RC4558DR,25,98.0,2.45,https://www.ti.com/general/docs/suppproductinfo.tsp?distId=10&gotoUrl=https%3A%2F%2Fwww.ti.com%2Flit%2Fgpn%2Frc4558,Integrated Circuits (ICs),-,Active,Cut Tape (CT),"[{""Amplifier Type"": ""Standard (General Purpose)""}, {""Slew Rate"": ""1.7V/µs""}, {""Gain Bandwidth Product"": ""3 MHz""}, {""Current - Input Bias"": ""150 nA""}, {""Voltage - Input Offset"": ""500 µV""}, {""Current - Output / Channel"": ""10 mA""}, {""Voltage - Supply Span (Min)"": ""10 V""}, {""Voltage - Supply Span (Max)"": ""30 V""}]"
107898616,2024-10-21T13:42:36Z,296-LM358BIDGKRCT-ND,Texas Instruments,LM358BIDGKR,25,95.6,2.39,https://www.ti.com/general/docs/suppproductinfo.tsp?distId=10&gotoUrl=https%3A%2F%2Fwww.ti.com%2Flit%2Fgpn%2Flm358,Integrated Circuits (ICs),-,Active,Cut Tape (CT),"[{""Amplifier Type"": ""Standard (General Purpose)""}, {""Slew Rate"": ""0.5V/µs""}, {""Gain Bandwidth Product"": ""1.2 MHz""}, {""Current - Input Bias"": ""10 nA""}, {""Voltage - Input Offset"": ""300 µV""}, {""Current - Output / Channel"": ""30 mA""}, {""Voltage - Supply Span (Min)"": ""3 V""}, {""Voltage - Supply Span (Max)"": ""36 V""}]"
107898616,2024-10-21T13:42:36Z,296-51267-1-ND,Texas Instruments,LM358LVIDR,25,82.0,2.05,https://www.ti.com/general/docs/suppproductinfo.tsp?distId=10&gotoUrl=https%3A%2F%2Fwww.ti.com%2Flit%2Fgpn%2Flm324lv,Integrated Circuits (ICs),-,Active,Cut Tape (CT),"[{""Amplifier Type"": ""Standard (General Purpose)""}, {""Slew Rate"": ""1.5V/µs""}, {""Gain Bandwidth Product"": ""1 MHz""}, {""Current - Input Bias"": ""15 pA""}, {""Voltage - Input Offset"": ""1 mV""}, {""Current - Output / Channel"": ""40 mA""}, {""Voltage - Supply Span (Min)"": ""2.7 V""}, {""Voltage - Supply Span (Max)"": ""5.5 V""}]"
107898616,2024-10-21T13:42:36Z,296-14601-1-ND,Texas Instruments,LM358ADR,35,94.8,3.32,https://www.ti.com/general/docs/suppproductinfo.tsp?distId=10&gotoUrl=https%3A%2F%2Fwww.ti.com%2Flit%2Fgpn%2Flm358,Integrated Circuits (ICs),-,Active,Cut Tape (CT),"[{""Amplifier Type"": ""Standard (General Purpose)""}, {""Slew Rate"": ""0.3V/µs""}, {""Gain Bandwidth Product"": ""700 kHz""}, {""Current - Input Bias"": ""15 nA""}, {""Voltage - Input Offset"": ""2 mV""}, {""Current - Output / Channel"": ""40 mA""}, {""Voltage - Supply Span (Min)"": ""3 V""}, {""Voltage - Supply Span (Max)"": ""30 V""}]"
107898616,2024-10-21T13:42:36Z,296-TL071HIDRCT-ND,Texas Instruments,TL071HIDR,25,96.0,2.4,https://www.ti.com/lit/ds/symlink/tl071h.pdf,Integrated Circuits (ICs),-,Active,Cut Tape (CT),"[{""Amplifier Type"": ""J-FET""}, {""Slew Rate"": ""20V/µs""}, {""Gain Bandwidth Product"": ""5.25 MHz""}, {""Current - Input Bias"": ""1 pA""}, {""Voltage - Input Offset"": ""1 mV""}, {""Voltage - Supply Span (Min)"": ""4.5 V""}, {""Voltage - Supply Span (Max)"": ""40 V""}]"
107898616,2024-10-21T13:42:36Z,445-180208-1-ND,TDK Corporation,MLZ2012DR47DT000,50,40.6,2.03,https://product.tdk.com/en/system/files?file=dam/doc/product/inductor/inductor/smd/catalog/inductor_commercial_decoupling_mlz2012_en.pdf,"Inductors, Coils, Chokes",MLZ,Active,Cut Tape (CT),"[{""Material - Core"": ""Ferrite""}, {""Inductance"": ""470 nH""}, {""Current - Saturation (Isat)"": ""550mA""}, {""Shielding"": ""Shielded""}, {""DC Resistance (DCR)"": ""180mOhm""}, {""Q @ Freq"": ""-""}, {""Frequency - Self Resonant"": ""-""}, {""Inductance Frequency - Test"": ""25 MHz""}]"
107898616,2024-10-21T13:42:36Z,490-12784-1-ND,Murata Electronics,LQP03TN1N9B02D,50,23.6,1.18,https://search.murata.co.jp/Ceramy/image/img/P02/JELF243C-0015.pdf,"Inductors, Coils, Chokes",LQP03,Active,Cut Tape (CT),"[{""Material - Core"": ""Non-Magnetic""}, {""Inductance"": ""1.9 nH""}, {""Current - Saturation (Isat)"": ""-""}, {""Shielding"": ""Unshielded""}, {""DC Resistance (DCR)"": ""150mOhm Max""}, {""Q @ Freq"": ""14 @ 500MHz""}, {""Frequency - Self Resonant"": ""12.5GHz""}, {""Inductance Frequency - Test"": ""500 MHz""}]"
107898616,2024-10-21T13:42:36Z,490-6707-1-ND,Murata Electronics,LQP03TN0N6B02D,50,23.6,1.18,https://search.murata.co.jp/Ceramy/image/img/P02/JELF243C-0015.pdf,"Inductors, Coils, Chokes",LQP03,Active,Cut Tape (CT),"[{""Material - Core"": ""Non-Magnetic""}, {""Inductance"": ""0.6 nH""}, {""Current - Saturation (Isat)"": ""-""}, {""Shielding"": ""Unshielded""}, {""DC Resistance (DCR)"": ""70mOhm Max""}, {""Q @ Freq"": ""14 @ 500MHz""}, {""Frequency - Self Resonant"": ""20GHz""}, {""Inductance Frequency - Test"": ""500 MHz""}]"
107898616,2024-10-21T13:42:36Z,712-LRC0402CS1N5GV001TCT-ND,Johanson Technology Inc.,LRC0402CS1N5GV001T,50,24.0,1.2,https://www.johansontechnology.com/docs/2893/jti-cat-rf-ind_HP0cWdS.pdf,"Inductors, Coils, Chokes",-,Active,Cut Tape (CT),"[{""Material - Core"": ""Ceramic""}, {""Inductance"": ""1.5 nH""}, {""Current - Saturation (Isat)"": ""-""}, {""Shielding"": ""Unshielded""}, {""DC Resistance (DCR)"": ""130mOhm Max""}, {""Q @ Freq"": ""8 @ 100MHz""}, {""Frequency - Self Resonant"": ""15GHz""}, {""Inductance Frequency - Test"": ""100 MHz""}]"
107898616,2024-10-21T13:42:36Z,576-2356-ND,Microchip Technology,MIC5156YN,5,3650.0,18.25,https://ww1.microchip.com/downloads/en/DeviceDoc/mic5156.pdf,Integrated Circuits (ICs),-,Active,Tube,"[{""Number of Outputs"": ""1""}, {""Voltage - Input"": ""3V ~ 36V""}]"
107898616,2024-10-21T13:42:36Z,3565-RS809-4.65YSF3CT-ND,Runic Technology,RS809-4.65YSF3,25,132.8,3.32,https://www.run-ic.com/en/upload/goods/20230728/202307281513492513.pdf,Integrated Circuits (ICs),-,Active,Cut Tape (CT),"[{""Number of Voltages Monitored"": ""1""}, {""Voltage - Threshold"": ""4.65V""}, {""Output"": ""Push-Pull, Totem Pole""}, {""Reset"": ""Active Low""}, {""Reset Timeout"": ""33µs Typical""}]"
107898616,2024-10-21T13:42:36Z,576-3802-1-ND,Microchip Technology,MIC803-29D2VM3-TR,25,252.8,6.32,https://ww1.microchip.com/downloads/en/DeviceDoc/MIC803-3-Pin-Microprocessor-Supervisor-Circuit-with-Open-Drain-Reset-Output-DS20006456A.pdf,Integrated Circuits (ICs),-,Active,Cut Tape (CT),"[{""Number of Voltages Monitored"": ""1""}, {""Voltage - Threshold"": ""2.93V""}, {""Output"": ""Open Drain or Open Collector""}, {""Reset"": ""Active Low""}, {""Reset Timeout"": ""20ms Minimum""}]"
107898616,2024-10-21T13:42:36Z,296-19437-1-ND,Texas Instruments,LM4040D30IDBZR,10,363.0,3.63,https://www.ti.com/lit/ds/symlink/lm4040.pdf?ts=1725548576424&ref_url=https%253A%252F%252Fwww.ti.com%252Fproduct%252FLM4040%253FkeyMatch%253DLM4040%2526tisearch%253Duniversal_search%2526usecase%253DGPN-ALT,Integrated Circuits (ICs),-,Active,Cut Tape (CT),"[{""Reference Type"": ""Shunt""}, {""Voltage - Output (Min/Fixed)"": ""3V""}, {""Current - Output"": ""15 mA""}, {""Noise - 0.1Hz to 10Hz"": ""-""}, {""Noise - 10Hz to 10kHz"": ""35µVrms""}, {""Voltage - Input"": ""-""}, {""Current - Cathode"": ""82 µA""}]"
107898616,2024-10-21T13:42:36Z,296-33156-5-ND,Texas Instruments,CD74HCT4046AE,10,370.0,3.7,https://www.ti.com/general/docs/suppproductinfo.tsp?distId=10&gotoUrl=https%3A%2F%2Fwww.ti.com%2Flit%2Fgpn%2Fcd74hct4046a,Integrated Circuits (ICs),74HCT,Active,Tube,"[{""PLL"": ""Yes""}, {""Input"": ""CMOS""}, {""Output"": ""CMOS""}, {""Ratio - Input:Output"": ""1:4""}, {""Differential - Input:Output"": ""No/No""}, {""Frequency - Max"": ""38MHz""}, {""Divider/Multiplier"": ""No/No""}]"
107898616,2024-10-21T13:42:36Z,MCP7940MT-I/SNCT-ND,Microchip Technology,MCP7940MT-I/SN,10,510.0,5.1,https://ww1.microchip.com/downloads/en/DeviceDoc/MCP7940M-Low-Cost%20I2C-RTCC-with-SRAM-20002292C.pdf,Integrated Circuits (ICs),-,Active,Cut Tape (CT),"[{""Time Format"": ""HH:MM:SS (12/24 hr)""}, {""Date Format"": ""YY-MM-DD-dd""}, {""Voltage - Supply, Battery"": ""-""}, {""Current - Timekeeping (Max)"": ""1µA @ 5.5V""}]"
107898616,2024-10-21T13:42:36Z,5369-BY25Q64ESSIG(R)CT-ND,BYTe Semiconductor,BY25Q64ESSIG(R),10,473.0,4.73,https://www.byte-semi.com/wp-content/uploads/BY25Q64ES.pdf,Integrated Circuits (ICs),-,Active,Cut Tape (CT),"[{""Access Time"": ""11.5 ns""}]"
107898616,2024-10-21T13:42:36Z,1265-AT25SF321B-SSHB-B-ND,Renesas Electronics Corporation,AT25SF321B-SSHB-B,10,387.0,3.87,https://www.renesas.com/us/en/document/dst/at25sf321b-datasheet?r=1608806,Integrated Circuits (ICs),-,Active,Tube,[]
107898616,2024-10-21T13:42:36Z,23K640-I/P-ND,Microchip Technology,23K640-I/P,15,640.0,9.6,https://ww1.microchip.com/downloads/en/DeviceDoc/22126E.pdf,Integrated Circuits (ICs),-,Active,Tube,[]
107898616,2024-10-21T13:42:36Z,1528-4677-ND,Adafruit Industries LLC,4677,10,1380.0,13.8,https://cdn-shop.adafruit.com/product-files/4677/4677_esp-psram64_esp-psram64h_datasheet_en.pdf,Integrated Circuits (ICs),-,Active,Bulk,[]
107755402,2024-10-14T12:55:17Z,1265-AT25SF081B-SSHD-B-ND,Renesas Electronics Corporation,AT25SF081B-SSHD-B,20,264.0,5.28,https://www.renesas.com/us/en/document/dst/at25sf081b-datasheet,Integrated Circuits (ICs),-,Active,Tube,[]
107755402,2024-10-14T12:55:17Z,256-W25Q64JWSSIM-ND,Winbond Electronics,W25Q64JWSSIM,12,892.0,10.7,https://www.winbond.com/resource-files/W25Q64JW_DTR%20RevB%2011042019.pdf,Integrated Circuits (ICs),SpiFlash®,Active,Tube,[]
107755402,2024-10-14T12:55:17Z,5446-S3A8004V0M-AI1ATCT-ND,Netsol,S3A8004V0M-AI1AT,3,7810.0,23.43,//mm.digikey.com/Volume0/opasdata/d220001/medias/docus/6155/SPI_MRAM_M_die.pdf,Integrated Circuits (ICs),-,Active,Cut Tape (CT),"[{""Access Time"": ""7 ns""}]"
107755402,2024-10-14T12:55:17Z,497-M95P08-EXMNT/ECT-ND,STMicroelectronics,M95P08-EXMNT/E,10,814.0,8.14,https://www.st.com/content/ccc/resource/technical/document/datasheet/group3/92/cb/18/81/06/87/40/65/DM00883663/files/DM00883663.pdf/jcr:content/translations/en.DM00883663.pdf,Integrated Circuits (ICs),-,Active,Cut Tape (CT),"[{""Access Time"": ""10 ns""}]"
107755402,2024-10-14T12:55:17Z,1528-4677-ND,Adafruit Industries LLC,4677,12,1380.0,16.56,https://cdn-shop.adafruit.com/product-files/4677/4677_esp-psram64_esp-psram64h_datasheet_en.pdf,Integrated Circuits (ICs),-,Active,Bulk,[]
107755402,2024-10-14T12:55:17Z,497-M95P08-EXMNT/ECT-ND,STMicroelectronics,M95P08-EXMNT/E,10,814.0,8.14,https://www.st.com/content/ccc/resource/technical/document/datasheet/group3/92/cb/18/81/06/87/40/65/DM00883663/files/DM00883663.pdf/jcr:content/translations/en.DM00883663.pdf,Integrated Circuits (ICs),-,Active,Cut Tape (CT),"[{""Access Time"": ""10 ns""}]"
107755402,2024-10-14T12:55:17Z,MCP7940MT-I/SNCT-ND,Microchip Technology,MCP7940MT-I/SN,6,510.0,3.06,https://ww1.microchip.com/downloads/en/DeviceDoc/MCP7940M-Low-Cost%20I2C-RTCC-with-SRAM-20002292C.pdf,Integrated Circuits (ICs),-,Active,Cut Tape (CT),"[{""Time Format"": ""HH:MM:SS (12/24 hr)""}, {""Date Format"": ""YY-MM-DD-dd""}, {""Voltage - Supply, Battery"": ""-""}, {""Current - Timekeeping (Max)"": ""1µA @ 5.5V""}]"
107755402,2024-10-14T12:55:17Z,1568-11801-ND,SparkFun Electronics,11801,1,13400.0,13.4,//mm.digikey.com/Volume0/opasdata/d220001/medias/docus/15/Tiny_AVR_Prog_Hookup_Guide_Web.pdf,"Development Boards, Kits, Programmers",-,Active,Bulk,[]
107755402,2024-10-14T12:55:17Z,ATTINY85-20PU-ND,Microchip Technology,ATTINY85-20PU,10,1270.0,12.7,https://ww1.microchip.com/downloads/en/DeviceDoc/Atmel-2586-AVR-8-bit-Microcontroller-ATtiny25-ATtiny45-ATtiny85_Datasheet-Summary.pdf,Integrated Circuits (ICs),"AVR® ATtiny, Functional Safety (FuSa)",Active,Tube,[]
107755402,2024-10-14T12:55:17Z,497-STM32H723ZGT6-ND,STMicroelectronics,STM32H723ZGT6,4,9920.0,39.68,https://www.st.com/resource/en/datasheet/stm32h723ve.pdf,Integrated Circuits (ICs),STM32H7,Active,Tray,[]
107755402,2024-10-14T12:55:17Z,497-17009-ND,STMicroelectronics,STM32F413VGT6,10,5718.0,57.18,https://www.st.com/content/ccc/resource/technical/document/datasheet/group3/f6/1d/4a/d9/f9/96/43/2a/DM00282249/files/DM00282249.pdf/jcr:content/translations/en.DM00282249.pdf,Integrated Circuits (ICs),STM32F4,Active,Tray,[]
107755402,2024-10-14T12:55:17Z,497-STM32H563ZIT6-ND,STMicroelectronics,STM32H563ZIT6,4,7690.0,30.76,https://www.st.com/resource/en/datasheet/stm32h562ag.pdf,Integrated Circuits (ICs),STM32H5,Active,Tray,[]
107755402,2024-10-14T12:55:17Z,497-4684-1-ND,STMicroelectronics,M41T81SM6F,10,2116.0,21.16,https://www.st.com/content/ccc/resource/technical/document/datasheet/90/39/13/66/1a/32/42/da/CD00043080.pdf/files/CD00043080.pdf/jcr:content/translations/en.CD00043080.pdf,Integrated Circuits (ICs),-,Active,Cut Tape (CT),"[{""Time Format"": ""HH:MM:SS:hh (24 hr)""}, {""Date Format"": ""YY-MM-DD-dd""}, {""Voltage - Supply, Battery"": ""2V ~ 3.5V""}, {""Current - Timekeeping (Max)"": ""100µA @ 2.7V ~ 5.5V""}]"
107755402,2024-10-14T12:55:17Z,865-1293-1-ND,RAMXEED,MB85RS256TYPNF-G-BCERE1,5,2950.0,14.75,https://www.ramxeed.com/assets/images/products/datasheet/FeRAM/s5/MB85RS256TY-DS3v0-E.pdf,Integrated Circuits (ICs),-,Active,Cut Tape (CT),[]
107755402,2024-10-14T12:55:17Z,497-18515-ND,STMicroelectronics,SPC560B50L5C6E0Y,2,4980.0,9.96,https://www.st.com/content/ccc/resource/technical/document/datasheet/e1/ed/02/f9/66/aa/40/23/CD00191848.pdf/files/CD00191848.pdf/jcr:content/translations/en.CD00191848.pdf,Integrated Circuits (ICs),SPC56,Active,Tray,[]
107755402,2024-10-14T12:55:17Z,497-18579-ND,STMicroelectronics,STM32L071VZT6,2,3740.0,7.48,https://www.st.com/content/ccc/resource/technical/document/datasheet/b5/24/80/11/51/59/47/f7/DM00141136.pdf/files/DM00141136.pdf/jcr:content/translations/en.DM00141136.pdf,Integrated Circuits (ICs),STM32L0,Active,Tray,[]
94727843,2023-01-06T22:27:39Z,2077-ORANGECRAB-R0D2-85-ND,GroupGets LLC,ORANGECRAB-R0D2-85,1,149080.0,149.08,https://groupgets-files.s3.amazonaws.com/Digikey_Marketplace/orangecrab_datasheet-r0.2.pdf,"Development Boards, Kits, Programmers",ECP5,Obsolete,Box,"[{""Interconnect System"": ""-""}, {""Suggested Programming Environment"": ""-""}]"
94727843,2023-01-06T22:27:39Z,1286-410-398-ND,"Digilent, Inc.",410-398,1,292290.0,292.29,//mm.digikey.com/Volume0/opasdata/d220001/medias/docus/445/410-398_Web.pdf,"Development Boards, Kits, Programmers",Artix™ 7,Active,Box,"[{""Interconnect System"": ""Pmod, SYZYGY, Zmod""}, {""Suggested Programming Environment"": ""Adept, Vivado""}]"
